/* Barlow Medium, Latin-1 subset, from github.com/google/fonts (ofl/barlow).
 * Copyright 2017 The Barlow Project Authors, SIL Open Font License 1.1 (OFL.txt) */

#include <stddef.h>

const unsigned char barlow_medium[] = {
  0x00, 0x01, 0x00, 0x00, 0x00, 0x0e, 0x00, 0x80, 0x00, 0x03, 0x00, 0x60,
  0x47, 0x44, 0x45, 0x46, 0x07, 0x26, 0x07, 0x32, 0x00, 0x00, 0x52, 0x58,
  0x00, 0x00, 0x00, 0x88, 0x47, 0x50, 0x4f, 0x53, 0xa4, 0x09, 0x8a, 0x57,
  0x00, 0x00, 0x52, 0xe0, 0x00, 0x00, 0x0f, 0x9e, 0x47, 0x53, 0x55, 0x42,
  0xb8, 0xfa, 0xb8, 0xf4, 0x00, 0x00, 0x62, 0x80, 0x00, 0x00, 0x00, 0x2a,
  0x4f, 0x53, 0x2f, 0x32, 0x53, 0xbd, 0x8a, 0x05, 0x00, 0x00, 0x4e, 0x6c,
  0x00, 0x00, 0x00, 0x60, 0x63, 0x6d, 0x61, 0x70, 0x8f, 0xb7, 0xa7, 0x00,
  0x00, 0x00, 0x4e, 0xcc, 0x00, 0x00, 0x01, 0xec, 0x67, 0x61, 0x73, 0x70,
  0x00, 0x00, 0x00, 0x10, 0x00, 0x00, 0x52, 0x50, 0x00, 0x00, 0x00, 0x08,
  0x67, 0x6c, 0x79, 0x66, 0x3e, 0xf4, 0x7f, 0xc8, 0x00, 0x00, 0x00, 0xec,
  0x00, 0x00, 0x47, 0xe4, 0x68, 0x65, 0x61, 0x64, 0x11, 0x38, 0xb1, 0x1d,
  0x00, 0x00, 0x4a, 0xa8, 0x00, 0x00, 0x00, 0x36, 0x68, 0x68, 0x65, 0x61,
  0x05, 0xf8, 0x04, 0x09, 0x00, 0x00, 0x4e, 0x48, 0x00, 0x00, 0x00, 0x24,
  0x68, 0x6d, 0x74, 0x78, 0x95, 0x78, 0x1f, 0x87, 0x00, 0x00, 0x4a, 0xe0,
  0x00, 0x00, 0x03, 0x68, 0x6c, 0x6f, 0x63, 0x61, 0x49, 0x4a, 0x37, 0x46,
  0x00, 0x00, 0x48, 0xf0, 0x00, 0x00, 0x01, 0xb6, 0x6d, 0x61, 0x78, 0x70,
  0x00, 0xeb, 0x01, 0x12, 0x00, 0x00, 0x48, 0xd0, 0x00, 0x00, 0x00, 0x20,
  0x6e, 0x61, 0x6d, 0x65, 0x1d, 0xac, 0x36, 0xf3, 0x00, 0x00, 0x50, 0xb8,
  0x00, 0x00, 0x01, 0x78, 0x70, 0x6f, 0x73, 0x74, 0xff, 0xb8, 0x00, 0x32,
  0x00, 0x00, 0x52, 0x30, 0x00, 0x00, 0x00, 0x20, 0x00, 0x02, 0x00, 0x1e,
  0x00, 0x00, 0x02, 0x56, 0x02, 0xbc, 0x00, 0x18, 0x00, 0x24, 0x00, 0x00,
  0x20, 0x27, 0x27, 0x26, 0x23, 0x21, 0x22, 0x07, 0x07, 0x06, 0x23, 0x23,
  0x22, 0x37, 0x13, 0x36, 0x33, 0x33, 0x32, 0x17, 0x13, 0x17, 0x14, 0x23,
  0x23, 0x24, 0x16, 0x33, 0x33, 0x32, 0x36, 0x27, 0x03, 0x26, 0x22, 0x07,
  0x03, 0x01, 0xf2, 0x03, 0x24, 0x01, 0x03, 0xfe, 0xe7, 0x03, 0x01, 0x24,
  0x03, 0x09, 0x51, 0x0b, 0x03, 0xdb, 0x03, 0x09, 0x64, 0x09, 0x03, 0xdd,
  0x01, 0x09, 0x52, 0xfe, 0xc7, 0x03, 0x02, 0xe6, 0x02, 0x03, 0x01, 0x74,
  0x01, 0x04, 0x01, 0x74, 0x08, 0x75, 0x03, 0x03, 0x75, 0x08, 0x0b, 0x02,
  0xa9, 0x08, 0x08, 0xfd, 0x57, 0x04, 0x07, 0xcf, 0x03, 0x03, 0x02, 0x01,
  0x73, 0x02, 0x02, 0xfe, 0x8d, 0x00, 0xff, 0xff, 0x00, 0x1e, 0x00, 0x00,
  0x02, 0x56, 0x03, 0x7b, 0x00, 0x22, 0x00, 0x02, 0x00, 0x00, 0x00, 0x07,
  0x00, 0xd1, 0x01, 0xd4, 0x00, 0xbf, 0xff, 0xff, 0x00, 0x1e, 0x00, 0x00,
  0x02, 0x56, 0x03, 0x7b, 0x00, 0x22, 0x00, 0x02, 0x00, 0x00, 0x00, 0x07,
  0x00, 0xd2, 0x01, 0xe2, 0x00, 0xbf, 0xff, 0xff, 0x00, 0x1e, 0x00, 0x00,
  0x02, 0x56, 0x03, 0x90, 0x00, 0x22, 0x00, 0x02, 0x00, 0x00, 0x00, 0x07,
  0x00, 0xce, 0x01, 0xd4, 0x00, 0xbf, 0xff, 0xff, 0x00, 0x1e, 0x00, 0x00,
  0x02, 0x56, 0x03, 0x7b, 0x00, 0x22, 0x00, 0x02, 0x00, 0x00, 0x00, 0x07,
  0x00, 0xd0, 0x01, 0x64, 0x00, 0xbf, 0xff, 0xff, 0x00, 0x1e, 0x00, 0x00,
  0x02, 0x56, 0x03, 0xdf, 0x00, 0x22, 0x00, 0x02, 0x00, 0x00, 0x00, 0x07,
  0x00, 0xd3, 0x01, 0xa2, 0x00, 0xbf, 0xff, 0xff, 0x00, 0x1e, 0x00, 0x00,
  0x02, 0x56, 0x03, 0x7c, 0x00, 0x22, 0x00, 0x02, 0x00, 0x00, 0x00, 0x07,
  0x00, 0xd4, 0x01, 0xdc, 0x00, 0xbf, 0x00, 0x02, 0x00, 0x21, 0x00, 0x00,
  0x03, 0x74, 0x02, 0xbc, 0x00, 0x30, 0x00, 0x3a, 0x00, 0x00, 0x00, 0x23,
  0x21, 0x22, 0x15, 0x15, 0x14, 0x33, 0x33, 0x32, 0x15, 0x15, 0x14, 0x23,
  0x23, 0x22, 0x15, 0x15, 0x14, 0x33, 0x21, 0x32, 0x15, 0x15, 0x14, 0x23,
  0x21, 0x22, 0x35, 0x35, 0x34, 0x23, 0x23, 0x22, 0x07, 0x07, 0x06, 0x23,
  0x23, 0x22, 0x26, 0x37, 0x01, 0x36, 0x33, 0x21, 0x32, 0x15, 0x15, 0x00,
  0x33, 0x33, 0x32, 0x35, 0x11, 0x34, 0x22, 0x07, 0x03, 0x03, 0x74, 0x0a,
  0xfe, 0xb2, 0x04, 0x04, 0xdf, 0x0a, 0x0a, 0xdf, 0x04, 0x04, 0x01, 0x4e,
  0x0a, 0x0a, 0xfe, 0x58, 0x0a, 0x04, 0xe8, 0x02, 0x02, 0x3d, 0x03, 0x09,
  0x55, 0x05, 0x04, 0x02, 0x01, 0x61, 0x03, 0x09, 0x01, 0xda, 0x0a, 0xfd,
  0x7c, 0x05, 0xbf, 0x04, 0x03, 0x02, 0xc1, 0x02, 0x69, 0x04, 0xd7, 0x04,
  0x0a, 0x3f, 0x0a, 0x04, 0xdc, 0x04, 0x0a, 0x3f, 0x0a, 0x0a, 0x72, 0x04,
  0x03, 0x76, 0x07, 0x07, 0x05, 0x02, 0xa9, 0x07, 0x0a, 0x3f, 0xfe, 0x59,
  0x04, 0x01, 0x78, 0x03, 0x02, 0xfe, 0x88, 0x00, 0x00, 0x03, 0x00, 0x52,
  0x00, 0x00, 0x02, 0x31, 0x02, 0xbc, 0x00, 0x12, 0x00, 0x1f, 0x00, 0x2c,
  0x00, 0x00, 0x00, 0x17, 0x16, 0x15, 0x14, 0x06, 0x23, 0x23, 0x22, 0x35,
  0x11, 0x34, 0x33, 0x33, 0x32, 0x16, 0x15, 0x14, 0x07, 0x24, 0x15, 0x15,
  0x14, 0x33, 0x33, 0x32, 0x36, 0x35, 0x34, 0x26, 0x23, 0x23, 0x12, 0x36,
  0x35, 0x34, 0x26, 0x23, 0x23, 0x22, 0x15, 0x15, 0x14, 0x33, 0x33, 0x01,
  0xc2, 0x05, 0x6a, 0x7a, 0x62, 0xf9, 0x0a, 0x0a, 0xf1, 0x68, 0x73, 0x61,
  0xfe, 0xeb, 0x04, 0x97, 0x3a, 0x43, 0x43, 0x3a, 0x97, 0xd8, 0x43, 0x44,
  0x3b, 0x9c, 0x04, 0x04, 0x9f, 0x01, 0x6a, 0x03, 0x2d, 0x7a, 0x5c, 0x64,
  0x0a, 0x02, 0xa8, 0x0a, 0x5f, 0x5b, 0x6c, 0x29, 0xfc, 0x04, 0xd3, 0x04,
  0x3a, 0x32, 0x33, 0x3c, 0xfd, 0xeb, 0x3f, 0x36, 0x36, 0x3f, 0x04, 0xe2,
  0x04, 0x00, 0x00, 0x01, 0x00, 0x3f, 0xff, 0xf7, 0x02, 0x26, 0x02, 0xc4,
  0x00, 0x2b, 0x00, 0x00, 0x16, 0x26, 0x26, 0x35, 0x11, 0x34, 0x36, 0x36,
  0x33, 0x32, 0x16, 0x16, 0x15, 0x15, 0x14, 0x06, 0x23, 0x07, 0x22, 0x35,
  0x35, 0x34, 0x26, 0x23, 0x22, 0x06, 0x15, 0x11, 0x14, 0x16, 0x33, 0x32,
  0x36, 0x35, 0x35, 0x34, 0x33, 0x17, 0x32, 0x15, 0x14, 0x06, 0x06, 0x23,
  0xeb, 0x6f, 0x3d, 0x3d, 0x6f, 0x48, 0x48, 0x6e, 0x3d, 0x06, 0x04, 0x4c,
  0x0a, 0x50, 0x43, 0x43, 0x51, 0x51, 0x43, 0x43, 0x50, 0x0a, 0x4c, 0x0a,
  0x3d, 0x6e, 0x48, 0x09, 0x39, 0x69, 0x44, 0x01, 0x03, 0x44, 0x67, 0x39,
  0x37, 0x64, 0x42, 0x01, 0x05, 0x06, 0x04, 0x09, 0x03, 0x40, 0x4e, 0x4e,
  0x40, 0xfe, 0xf6, 0x40, 0x4e, 0x4e, 0x40, 0x02, 0x09, 0x04, 0x0a, 0x42,
  0x65, 0x38, 0x00, 0x01, 0x00, 0x3f, 0xff, 0x46, 0x02, 0x26, 0x02, 0xc4,
  0x00, 0x45, 0x00, 0x00, 0x00, 0x06, 0x23, 0x07, 0x22, 0x35, 0x35, 0x34,
  0x26, 0x23, 0x22, 0x06, 0x15, 0x11, 0x14, 0x16, 0x33, 0x32, 0x36, 0x35,
  0x35, 0x34, 0x33, 0x17, 0x32, 0x15, 0x14, 0x06, 0x06, 0x07, 0x22, 0x17,
  0x16, 0x15, 0x14, 0x07, 0x06, 0x06, 0x23, 0x22, 0x27, 0x26, 0x37, 0x37,
  0x36, 0x36, 0x17, 0x16, 0x33, 0x32, 0x36, 0x35, 0x34, 0x26, 0x27, 0x34,
  0x27, 0x26, 0x26, 0x35, 0x11, 0x34, 0x36, 0x36, 0x33, 0x32, 0x16, 0x16,
  0x15, 0x15, 0x02, 0x26, 0x06, 0x04, 0x4c, 0x0a, 0x50, 0x43, 0x43, 0x51,
  0x51, 0x43, 0x43, 0x50, 0x0a, 0x4c, 0x0a, 0x38, 0x67, 0x44, 0x05, 0x03,
  0x2e, 0x03, 0x08, 0x32, 0x20, 0x19, 0x18, 0x09, 0x02, 0x05, 0x01, 0x07,
  0x04, 0x0b, 0x0b, 0x13, 0x18, 0x20, 0x1b, 0x05, 0x4f, 0x5e, 0x3d, 0x6f,
  0x48, 0x48, 0x6e, 0x3d, 0x01, 0xe0, 0x05, 0x04, 0x09, 0x03, 0x40, 0x4e,
  0x4e, 0x40, 0xfe, 0xf6, 0x40, 0x4e, 0x4e, 0x40, 0x02, 0x09, 0x04, 0x0a,
  0x3f, 0x63, 0x3a, 0x03, 0x05, 0x2a, 0x2e, 0x0b, 0x0c, 0x21, 0x1c, 0x07,
  0x03, 0x09, 0x21, 0x05, 0x03, 0x01, 0x03, 0x15, 0x16, 0x14, 0x2b, 0x14,
  0x01, 0x02, 0x12, 0x77, 0x55, 0x01, 0x03, 0x44, 0x67, 0x39, 0x37, 0x64,
  0x42, 0x05, 0x00, 0x02, 0x00, 0x52, 0x00, 0x00, 0x02, 0x32, 0x02, 0xbc,
  0x00, 0x0d, 0x00, 0x1b, 0x00, 0x00, 0x32, 0x35, 0x11, 0x34, 0x33, 0x33,
  0x32, 0x16, 0x15, 0x11, 0x14, 0x06, 0x23, 0x23, 0x36, 0x33, 0x33, 0x32,
  0x36, 0x37, 0x11, 0x34, 0x26, 0x23, 0x23, 0x22, 0x15, 0x11, 0x52, 0x0a,
  0xf2, 0x68, 0x7c, 0x7c, 0x68, 0xf2, 0x56, 0x04, 0x9c, 0x3a, 0x45, 0x01,
  0x45, 0x3b, 0x9c, 0x04, 0x0a, 0x02, 0xa8, 0x0a, 0x6d, 0x5b, 0xfe, 0xd4,
  0x5b, 0x6d, 0x53, 0x47, 0x3c, 0x01, 0x10, 0x3c, 0x47, 0x04, 0xfd, 0xf2,
  0x00, 0x02, 0x00, 0x52, 0x00, 0x00, 0x02, 0x6f, 0x02, 0xbc, 0x00, 0x19,
  0x00, 0x33, 0x00, 0x00, 0x00, 0x16, 0x15, 0x11, 0x14, 0x06, 0x23, 0x23,
  0x22, 0x35, 0x11, 0x34, 0x23, 0x23, 0x22, 0x35, 0x35, 0x34, 0x33, 0x33,
  0x32, 0x35, 0x11, 0x34, 0x33, 0x33, 0x17, 0x34, 0x26, 0x23, 0x23, 0x22,
  0x15, 0x15, 0x14, 0x33, 0x33, 0x32, 0x15, 0x15, 0x14, 0x23, 0x23, 0x22,
  0x15, 0x15, 0x14, 0x33, 0x33, 0x32, 0x36, 0x37, 0x01, 0xf2, 0x7d, 0x7d,
  0x68, 0xf1, 0x0a, 0x04, 0x2f, 0x0a, 0x0a, 0x2f, 0x04, 0x0a, 0xf1, 0x85,
  0x46, 0x3b, 0x9b, 0x04, 0x04, 0x69, 0x0a, 0x0a, 0x69, 0x04, 0x04, 0x9b,
  0x3a, 0x46, 0x01, 0x02, 0xbc, 0x6d, 0x5b, 0xfe, 0xd4, 0x5b, 0x6d, 0x0a,
  0x01, 0x3b, 0x04, 0x0a, 0x30, 0x0a, 0x04, 0x01, 0x21, 0x0a, 0xd6, 0x3c,
  0x47, 0x04, 0xd4, 0x04, 0x0a, 0x30, 0x0a, 0x04, 0xee, 0x04, 0x47, 0x3c,
  0x00, 0x01, 0x00, 0x52, 0x00, 0x00, 0x02, 0x23, 0x02, 0xbc, 0x00, 0x23,
  0x00, 0x00, 0x00, 0x23, 0x21, 0x22, 0x15, 0x15, 0x14, 0x33, 0x33, 0x32,
  0x15, 0x15, 0x14, 0x23, 0x23, 0x22, 0x15, 0x15, 0x14, 0x33, 0x21, 0x32,
  0x15, 0x15, 0x14, 0x23, 0x21, 0x22, 0x35, 0x11, 0x34, 0x33, 0x21, 0x32,
  0x15, 0x15, 0x02, 0x23, 0x0a, 0xfe, 0x9d, 0x04, 0x04, 0xf4, 0x0a, 0x0a,
  0xf4, 0x04, 0x04, 0x01, 0x63, 0x0a, 0x0a, 0xfe, 0x43, 0x0a, 0x0a, 0x01,
  0xbd, 0x0a, 0x02, 0x69, 0x04, 0xd7, 0x04, 0x0a, 0x3f, 0x0a, 0x04, 0xdc,
  0x04, 0x0a, 0x3f, 0x0a, 0x0a, 0x02, 0xa8, 0x0a, 0x0a, 0x3f, 0xff, 0xff,
  0x00, 0x52, 0x00, 0x00, 0x02, 0x23, 0x03, 0x7b, 0x00, 0x22, 0x00, 0x0f,
  0x00, 0x00, 0x00, 0x07, 0x00, 0xd1, 0x01, 0xd1, 0x00, 0xbf, 0xff, 0xff,
  0x00, 0x52, 0x00, 0x00, 0x02, 0x23, 0x03, 0x7b, 0x00, 0x22, 0x00, 0x0f,
  0x00, 0x00, 0x00, 0x07, 0x00, 0xd2, 0x01, 0xdf, 0x00, 0xbf, 0xff, 0xff,
  0x00, 0x52, 0x00, 0x00, 0x02, 0x23, 0x03, 0x90, 0x00, 0x22, 0x00, 0x0f,
  0x00, 0x00, 0x00, 0x07, 0x00, 0xce, 0x01, 0xd2, 0x00, 0xbf, 0xff, 0xff,
  0x00, 0x52, 0x00, 0x00, 0x02, 0x23, 0x03, 0x7b, 0x00, 0x22, 0x00, 0x0f,
  0x00, 0x00, 0x00, 0x07, 0x00, 0xd0, 0x01, 0x61, 0x00, 0xbf, 0x00, 0x01,
  0x00, 0x52, 0x00, 0x00, 0x02, 0x22, 0x02, 0xbc, 0x00, 0x1d, 0x00, 0x00,
  0x00, 0x23, 0x21, 0x22, 0x15, 0x15, 0x14, 0x33, 0x33, 0x32, 0x15, 0x15,
  0x14, 0x23, 0x23, 0x22, 0x15, 0x11, 0x14, 0x23, 0x23, 0x22, 0x35, 0x11,
  0x34, 0x33, 0x21, 0x32, 0x15, 0x15, 0x02, 0x22, 0x0a, 0xfe, 0x9e, 0x04,
  0x04, 0xf3, 0x0a, 0x0a, 0xf3, 0x04, 0x0a, 0x4c, 0x0a, 0x0a, 0x01, 0xbc,
  0x0a, 0x02, 0x69, 0x04, 0xd7, 0x04, 0x0a, 0x3f, 0x0a, 0x04, 0xfe, 0xd7,
  0x0a, 0x0a, 0x02, 0xa8, 0x0a, 0x0a, 0x3f, 0x00, 0x00, 0x01, 0x00, 0x3f,
  0xff, 0xf8, 0x02, 0x26, 0x02, 0xc4, 0x00, 0x30, 0x00, 0x00, 0x16, 0x26,
  0x26, 0x35, 0x11, 0x34, 0x36, 0x36, 0x33, 0x32, 0x16, 0x16, 0x15, 0x15,
  0x14, 0x23, 0x23, 0x22, 0x35, 0x35, 0x34, 0x26, 0x23, 0x22, 0x06, 0x15,
  0x11, 0x14, 0x16, 0x33, 0x32, 0x36, 0x35, 0x35, 0x34, 0x23, 0x23, 0x22,
  0x35, 0x35, 0x34, 0x33, 0x33, 0x32, 0x15, 0x15, 0x14, 0x06, 0x23, 0xeb,
  0x6f, 0x3d, 0x3d, 0x6f, 0x48, 0x48, 0x6e, 0x3d, 0x0a, 0x4c, 0x0a, 0x51,
  0x42, 0x43, 0x51, 0x54, 0x44, 0x42, 0x4d, 0x04, 0x87, 0x0a, 0x0a, 0xe1,
  0x0a, 0x83, 0x70, 0x08, 0x39, 0x69, 0x44, 0x01, 0x00, 0x45, 0x68, 0x39,
  0x38, 0x63, 0x3e, 0x0b, 0x0a, 0x0a, 0x09, 0x3c, 0x4b, 0x4e, 0x41, 0xfe,
  0xfa, 0x41, 0x4e, 0x45, 0x3c, 0x4d, 0x04, 0x0a, 0x3e, 0x0a, 0x0a, 0x7f,
  0x73, 0x7c, 0x00, 0x01, 0x00, 0x52, 0x00, 0x00, 0x02, 0x37, 0x02, 0xbc,
  0x00, 0x23, 0x00, 0x00, 0x00, 0x33, 0x33, 0x32, 0x15, 0x11, 0x14, 0x23,
  0x23, 0x22, 0x35, 0x11, 0x34, 0x23, 0x21, 0x22, 0x15, 0x11, 0x14, 0x23,
  0x23, 0x22, 0x35, 0x11, 0x34, 0x33, 0x33, 0x32, 0x15, 0x11, 0x14, 0x33,
  0x21, 0x32, 0x35, 0x11, 0x01, 0xd7, 0x0a, 0x4c, 0x0a, 0x0a, 0x4c, 0x0a,
  0x04, 0xfe, 0xe3, 0x04, 0x0a, 0x4c, 0x0a, 0x0a, 0x4c, 0x0a, 0x04, 0x01,
  0x1d, 0x04, 0x02, 0xbc, 0x0a, 0xfd, 0x58, 0x0a, 0x0a, 0x01, 0x29, 0x04,
  0x04, 0xfe, 0xd7, 0x0a, 0x0a, 0x02, 0xa8, 0x0a, 0x0a, 0xfe, 0xdc, 0x04,
  0x04, 0x01, 0x24, 0x00, 0x00, 0x01, 0x00, 0x52, 0x00, 0x00, 0x00, 0xb2,
  0x02, 0xbc, 0x00, 0x0b, 0x00, 0x00, 0x32, 0x35, 0x11, 0x34, 0x33, 0x33,
  0x32, 0x15, 0x11, 0x14, 0x23, 0x23, 0x52, 0x0a, 0x4c, 0x0a, 0x0a, 0x4c,
  0x0a, 0x02, 0xa8, 0x0a, 0x0a, 0xfd, 0x58, 0x0a, 0xff, 0xff, 0x00, 0x4e,
  0x00, 0x00, 0x00, 0xe4, 0x03, 0x7b, 0x00, 0x22, 0x00, 0x17, 0x00, 0x00,
  0x00, 0x07, 0x00, 0xd1, 0x01, 0x1d, 0x00, 0xbf, 0xff, 0xff, 0xff, 0xf8,
  0x00, 0x00, 0x01, 0x0b, 0x03, 0x7b, 0x00, 0x22, 0x00, 0x17, 0x00, 0x00,
  0x00, 0x07, 0x00, 0xd2, 0x01, 0x2b, 0x00, 0xbf, 0xff, 0xff, 0xff, 0xe7,
  0x00, 0x00, 0x01, 0x1d, 0x03, 0x90, 0x00, 0x22, 0x00, 0x17, 0x00, 0x00,
  0x00, 0x07, 0x00, 0xce, 0x01, 0x1d, 0x00, 0xbf, 0xff, 0xff, 0x00, 0x15,
  0x00, 0x00, 0x00, 0xb2, 0x03, 0x7b, 0x00, 0x22, 0x00, 0x17, 0x00, 0x00,
  0x00, 0x07, 0x00, 0xd0, 0x00, 0xac, 0x00, 0xbf, 0x00, 0x01, 0x00, 0x19,
  0xff, 0xf8, 0x01, 0xf1, 0x02, 0xbc, 0x00, 0x1b, 0x00, 0x00, 0x16, 0x26,
  0x26, 0x35, 0x35, 0x34, 0x33, 0x33, 0x32, 0x15, 0x15, 0x14, 0x16, 0x33,
  0x32, 0x36, 0x35, 0x11, 0x34, 0x33, 0x33, 0x32, 0x15, 0x11, 0x14, 0x06,
  0x06, 0x23, 0xbe, 0x6b, 0x3a, 0x0a, 0x4c, 0x0a, 0x4c, 0x40, 0x3e, 0x4e,
  0x0a, 0x4c, 0x0a, 0x3b, 0x6c, 0x45, 0x08, 0x36, 0x62, 0x40, 0x47, 0x0a,
  0x0a, 0x47, 0x3c, 0x49, 0x49, 0x3c, 0x01, 0xe2, 0x0a, 0x0a, 0xfe, 0x1e,
  0x40, 0x62, 0x36, 0x00, 0x00, 0x01, 0x00, 0x52, 0x00, 0x00, 0x02, 0x51,
  0x02, 0xbc, 0x00, 0x28, 0x00, 0x00, 0x32, 0x35, 0x11, 0x34, 0x33, 0x33,
  0x32, 0x15, 0x11, 0x14, 0x16, 0x37, 0x01, 0x36, 0x33, 0x33, 0x32, 0x16,
  0x07, 0x03, 0x06, 0x17, 0x01, 0x16, 0x15, 0x14, 0x23, 0x23, 0x22, 0x27,
  0x03, 0x26, 0x22, 0x07, 0x07, 0x06, 0x15, 0x15, 0x14, 0x23, 0x23, 0x52,
  0x0a, 0x4c, 0x0a, 0x04, 0x01, 0x01, 0x1e, 0x04, 0x08, 0x57, 0x06, 0x04,
  0x04, 0xee, 0x01, 0x01, 0x00, 0xff, 0x02, 0x08, 0x57, 0x07, 0x05, 0xd8,
  0x01, 0x04, 0x01, 0x54, 0x02, 0x0a, 0x4c, 0x0a, 0x02, 0xa8, 0x0a, 0x0a,
  0xfe, 0xc1, 0x02, 0x01, 0x02, 0x01, 0x44, 0x06, 0x07, 0x05, 0xfe, 0xe7,
  0x03, 0x03, 0xfe, 0x7b, 0x04, 0x02, 0x06, 0x06, 0x01, 0x47, 0x02, 0x01,
  0x5e, 0x04, 0x01, 0xe1, 0x0a, 0x00, 0x00, 0x01, 0x00, 0x52, 0x00, 0x00,
  0x02, 0x19, 0x02, 0xbc, 0x00, 0x11, 0x00, 0x00, 0x32, 0x35, 0x11, 0x34,
  0x33, 0x33, 0x32, 0x15, 0x11, 0x14, 0x33, 0x21, 0x32, 0x15, 0x15, 0x14,
  0x23, 0x21, 0x52, 0x0a, 0x4c, 0x0a, 0x04, 0x01, 0x59, 0x0a, 0x0a, 0xfe,
  0x4d, 0x0a, 0x02, 0xa8, 0x0a, 0x0a, 0xfd, 0xa5, 0x04, 0x0a, 0x3f, 0x0a,
  0x00, 0x01, 0x00, 0x52, 0x00, 0x00, 0x02, 0x79, 0x02, 0xbc, 0x00, 0x29,
  0x00, 0x00, 0x00, 0x33, 0x33, 0x32, 0x15, 0x11, 0x14, 0x23, 0x23, 0x22,
  0x35, 0x11, 0x34, 0x26, 0x07, 0x07, 0x06, 0x23, 0x23, 0x22, 0x27, 0x27,
  0x26, 0x06, 0x15, 0x11, 0x14, 0x23, 0x23, 0x22, 0x35, 0x11, 0x34, 0x33,
  0x33, 0x32, 0x17, 0x13, 0x16, 0x32, 0x37, 0x13, 0x02, 0x1c, 0x07, 0x4c,
  0x0a, 0x0a, 0x4c, 0x0a, 0x04, 0x01, 0x8f, 0x04, 0x08, 0x26, 0x07, 0x05,
  0x90, 0x01, 0x04, 0x0a, 0x4c, 0x0a, 0x0a, 0x4c, 0x08, 0x04, 0xaf, 0x01,
  0x04, 0x01, 0xae, 0x02, 0xbc, 0x0a, 0xfd, 0x58, 0x0a, 0x0a, 0x02, 0x00,
  0x03, 0x02, 0x03, 0xda, 0x06, 0x06, 0xd8, 0x03, 0x02, 0x03, 0xfe, 0x02,
  0x0a, 0x0a, 0x02, 0xa8, 0x0a, 0x06, 0xfe, 0xfa, 0x01, 0x01, 0x01, 0x06,
  0x00, 0x01, 0x00, 0x52, 0x00, 0x00, 0x02, 0x4e, 0x02, 0xbc, 0x00, 0x1f,
  0x00, 0x00, 0x00, 0x33, 0x33, 0x32, 0x15, 0x11, 0x14, 0x23, 0x23, 0x22,
  0x27, 0x01, 0x26, 0x06, 0x15, 0x13, 0x14, 0x23, 0x23, 0x22, 0x35, 0x11,
  0x34, 0x33, 0x33, 0x32, 0x17, 0x01, 0x16, 0x36, 0x35, 0x03, 0x01, 0xee,
  0x0a, 0x4c, 0x0a, 0x0a, 0x49, 0x07, 0x05, 0xfe, 0xc7, 0x01, 0x04, 0x01,
  0x0a, 0x4c, 0x0a, 0x0a, 0x4a, 0x07, 0x05, 0x01, 0x38, 0x01, 0x04, 0x01,
  0x02, 0xbc, 0x0a, 0xfd, 0x58, 0x0a, 0x07, 0x01, 0xff, 0x03, 0x01, 0x03,
  0xfe, 0x05, 0x0a, 0x0a, 0x02, 0xa8, 0x0a, 0x07, 0xfe, 0x01, 0x03, 0x01,
  0x03, 0x01, 0xfb, 0x00, 0xff, 0xff, 0x00, 0x52, 0x00, 0x00, 0x02, 0x4e,
  0x03, 0x7c, 0x00, 0x22, 0x00, 0x20, 0x00, 0x00, 0x00, 0x07, 0x00, 0xd4,
  0x01, 0xee, 0x00, 0xbf, 0x00, 0x02, 0x00, 0x3f, 0xff, 0xf7, 0x02, 0x2e,
  0x02, 0xc4, 0x00, 0x11, 0x00, 0x1f, 0x00, 0x00, 0x16, 0x26, 0x26, 0x35,
  0x35, 0x34, 0x36, 0x36, 0x33, 0x32, 0x16, 0x16, 0x15, 0x15, 0x14, 0x06,
  0x06, 0x23, 0x36, 0x36, 0x35, 0x35, 0x34, 0x26, 0x23, 0x22, 0x06, 0x15,
  0x15, 0x14, 0x16, 0x33, 0xed, 0x70, 0x3e, 0x3e, 0x70, 0x49, 0x4a, 0x70,
  0x3e, 0x3e, 0x70, 0x4a, 0x44, 0x54, 0x54, 0x44, 0x44, 0x53, 0x53, 0x44,
  0x09, 0x3c, 0x6d, 0x47, 0xee, 0x47, 0x6c, 0x3c, 0x3c, 0x6c, 0x47, 0xee,
  0x47, 0x6d, 0x3c, 0x53, 0x54, 0x45, 0xf3, 0x46, 0x55, 0x55, 0x46, 0xf3,
  0x45, 0x54, 0xff, 0xff, 0x00, 0x3f, 0xff, 0xf7, 0x02, 0x2e, 0x03, 0x7b,
  0x00, 0x22, 0x00, 0x22, 0x00, 0x00, 0x00, 0x07, 0x00, 0xd1, 0x01, 0xd0,
  0x00, 0xbf, 0xff, 0xff, 0x00, 0x3f, 0xff, 0xf7, 0x02, 0x2e, 0x03, 0x7b,
  0x00, 0x22, 0x00, 0x22, 0x00, 0x00, 0x00, 0x07, 0x00, 0xd2, 0x01, 0xde,
  0x00, 0xbf, 0xff, 0xff, 0x00, 0x3f, 0xff, 0xf7, 0x02, 0x2e, 0x03, 0x90,
  0x00, 0x22, 0x00, 0x22, 0x00, 0x00, 0x00, 0x07, 0x00, 0xce, 0x01, 0xd1,
  0x00, 0xbf, 0xff, 0xff, 0x00, 0x3f, 0xff, 0xf7, 0x02, 0x2e, 0x03, 0x7b,
  0x00, 0x22, 0x00, 0x22, 0x00, 0x00, 0x00, 0x07, 0x00, 0xd0, 0x01, 0x60,
  0x00, 0xbf, 0x00, 0x03, 0x00, 0x24, 0xff, 0xde, 0x02, 0x47, 0x02, 0xda,
  0x00, 0x28, 0x00, 0x35, 0x00, 0x41, 0x00, 0x00, 0x00, 0x07, 0x07, 0x06,
  0x17, 0x16, 0x15, 0x15, 0x14, 0x06, 0x06, 0x23, 0x22, 0x27, 0x26, 0x07,
  0x07, 0x06, 0x27, 0x27, 0x26, 0x37, 0x37, 0x36, 0x27, 0x26, 0x35, 0x35,
  0x34, 0x36, 0x36, 0x33, 0x32, 0x17, 0x16, 0x37, 0x37, 0x36, 0x36, 0x17,
  0x17, 0x01, 0x14, 0x32, 0x37, 0x13, 0x36, 0x27, 0x26, 0x23, 0x22, 0x06,
  0x15, 0x15, 0x01, 0x26, 0x07, 0x03, 0x06, 0x17, 0x16, 0x33, 0x32, 0x36,
  0x35, 0x35, 0x02, 0x47, 0x05, 0x31, 0x01, 0x01, 0x1e, 0x3e, 0x70, 0x4a,
  0x58, 0x3f, 0x04, 0x01, 0x27, 0x05, 0x08, 0x3b, 0x08, 0x05, 0x34, 0x02,
  0x02, 0x1d, 0x3e, 0x70, 0x49, 0x59, 0x3f, 0x04, 0x01, 0x26, 0x02, 0x08,
  0x04, 0x37, 0xfe, 0x61, 0x03, 0x02, 0xf9, 0x02, 0x03, 0x2b, 0x3b, 0x44,
  0x53, 0x01, 0x2e, 0x02, 0x03, 0xf8, 0x02, 0x03, 0x26, 0x3f, 0x44, 0x54,
  0x02, 0xa9, 0x08, 0x4a, 0x03, 0x03, 0x34, 0x48, 0xee, 0x47, 0x6d, 0x3c,
  0x2b, 0x02, 0x03, 0x3b, 0x08, 0x05, 0x25, 0x05, 0x08, 0x50, 0x04, 0x02,
  0x35, 0x47, 0xee, 0x47, 0x6c, 0x3c, 0x2b, 0x02, 0x03, 0x3a, 0x04, 0x02,
  0x03, 0x28, 0xfe, 0x25, 0x03, 0x02, 0x01, 0x76, 0x04, 0x01, 0x23, 0x55,
  0x46, 0xf3, 0x01, 0x06, 0x07, 0x05, 0xfe, 0x87, 0x04, 0x01, 0x23, 0x54,
  0x45, 0xf3, 0xff, 0xff, 0x00, 0x3f, 0xff, 0xf7, 0x02, 0x2e, 0x03, 0x7c,
  0x00, 0x22, 0x00, 0x22, 0x00, 0x00, 0x00, 0x07, 0x00, 0xd4, 0x01, 0xd8,
  0x00, 0xbf, 0x00, 0x02, 0x00, 0x4c, 0x00, 0x00, 0x02, 0x31, 0x02, 0xbd,
  0x00, 0x14, 0x00, 0x21, 0x00, 0x00, 0x00, 0x16, 0x16, 0x15, 0x14, 0x06,
  0x06, 0x23, 0x23, 0x22, 0x15, 0x11, 0x14, 0x23, 0x23, 0x22, 0x35, 0x11,
  0x34, 0x33, 0x21, 0x12, 0x36, 0x35, 0x34, 0x26, 0x23, 0x23, 0x22, 0x15,
  0x15, 0x14, 0x33, 0x33, 0x01, 0xa1, 0x5d, 0x33, 0x34, 0x5f, 0x3e, 0xb0,
  0x04, 0x0a, 0x4c, 0x0a, 0x0a, 0x01, 0x0e, 0x2a, 0x43, 0x43, 0x37, 0xa7,
  0x04, 0x04, 0xa7, 0x02, 0xbd, 0x33, 0x5c, 0x3c, 0x3c, 0x5a, 0x32, 0x04,
  0xfe, 0xe4, 0x0a, 0x0a, 0x02, 0xa9, 0x0a, 0xfe, 0xbb, 0x42, 0x36, 0x37,
  0x43, 0x04, 0xea, 0x04, 0x00, 0x02, 0x00, 0x4c, 0x00, 0x00, 0x02, 0x1c,
  0x02, 0xbc, 0x00, 0x1a, 0x00, 0x27, 0x00, 0x00, 0x00, 0x16, 0x16, 0x15,
  0x14, 0x06, 0x06, 0x23, 0x23, 0x22, 0x15, 0x15, 0x14, 0x23, 0x23, 0x22,
  0x35, 0x11, 0x34, 0x33, 0x33, 0x32, 0x15, 0x15, 0x14, 0x33, 0x33, 0x12,
  0x36, 0x35, 0x34, 0x26, 0x23, 0x23, 0x22, 0x15, 0x15, 0x14, 0x33, 0x33,
  0x01, 0x8c, 0x5d, 0x33, 0x36, 0x5f, 0x3c, 0x9b, 0x04, 0x0a, 0x4c, 0x0a,
  0x0a, 0x4c, 0x0a, 0x04, 0x9f, 0x2a, 0x43, 0x43, 0x37, 0x92, 0x04, 0x04,
  0x92, 0x02, 0x26, 0x33, 0x5b, 0x3b, 0x3b, 0x5a, 0x32, 0x04, 0x88, 0x0a,
  0x0a, 0x02, 0xa8, 0x0a, 0x0a, 0x88, 0x04, 0xfe, 0xbf, 0x40, 0x36, 0x37,
  0x40, 0x04, 0xe5, 0x04, 0x00, 0x02, 0x00, 0x34, 0xff, 0x93, 0x02, 0x12,
  0x02, 0xc4, 0x00, 0x1a, 0x00, 0x28, 0x00, 0x00, 0x00, 0x16, 0x16, 0x15,
  0x15, 0x14, 0x06, 0x07, 0x06, 0x15, 0x15, 0x14, 0x23, 0x23, 0x22, 0x35,
  0x35, 0x34, 0x27, 0x26, 0x26, 0x35, 0x35, 0x34, 0x36, 0x36, 0x33, 0x17,
  0x34, 0x26, 0x23, 0x22, 0x06, 0x15, 0x11, 0x14, 0x16, 0x33, 0x32, 0x36,
  0x35, 0x01, 0x6a, 0x6c, 0x3c, 0x65, 0x56, 0x04, 0x0a, 0x4c, 0x0a, 0x04,
  0x56, 0x65, 0x3c, 0x6c, 0x47, 0x8f, 0x4f, 0x40, 0x40, 0x4f, 0x4f, 0x40,
  0x40, 0x4f, 0x02, 0xc4, 0x3b, 0x6a, 0x46, 0xfc, 0x5a, 0x78, 0x0e, 0x01,
  0x04, 0x5b, 0x0a, 0x0a, 0x5b, 0x04, 0x01, 0x0e, 0x78, 0x5a, 0xfc, 0x46,
  0x6a, 0x3b, 0xe6, 0x42, 0x51, 0x51, 0x42, 0xff, 0x00, 0x42, 0x51, 0x51,
  0x42, 0x00, 0x00, 0x02, 0x00, 0x52, 0x00, 0x00, 0x02, 0x38, 0x02, 0xbc,
  0x00, 0x20, 0x00, 0x2d, 0x00, 0x00, 0x20, 0x27, 0x03, 0x26, 0x23, 0x23,
  0x22, 0x15, 0x11, 0x14, 0x23, 0x23, 0x22, 0x35, 0x11, 0x34, 0x33, 0x21,
  0x32, 0x16, 0x16, 0x15, 0x14, 0x06, 0x07, 0x06, 0x17, 0x13, 0x16, 0x15,
  0x14, 0x23, 0x23, 0x00, 0x15, 0x15, 0x14, 0x33, 0x33, 0x32, 0x36, 0x35,
  0x34, 0x26, 0x23, 0x23, 0x01, 0xd9, 0x03, 0x8c, 0x01, 0x03, 0x90, 0x04,
  0x0a, 0x4c, 0x0a, 0x0a, 0x01, 0x0d, 0x3c, 0x5b, 0x32, 0x49, 0x41, 0x04,
  0x02, 0x91, 0x01, 0x08, 0x4f, 0xfe, 0xd1, 0x04, 0xa7, 0x35, 0x40, 0x40,
  0x35, 0xa7, 0x07, 0x01, 0x2b, 0x03, 0x04, 0xfe, 0xd9, 0x0a, 0x0a, 0x02,
  0xa8, 0x0a, 0x32, 0x5a, 0x3b, 0x46, 0x61, 0x11, 0x02, 0x03, 0xfe, 0xd4,
  0x02, 0x03, 0x07, 0x02, 0x69, 0x04, 0xe0, 0x04, 0x3f, 0x34, 0x35, 0x40,
  0x00, 0x01, 0x00, 0x2f, 0xff, 0xf8, 0x02, 0x1c, 0x02, 0xc4, 0x00, 0x37,
  0x00, 0x00, 0x16, 0x26, 0x26, 0x35, 0x35, 0x34, 0x33, 0x33, 0x32, 0x15,
  0x15, 0x14, 0x16, 0x33, 0x32, 0x36, 0x35, 0x34, 0x26, 0x26, 0x27, 0x2e,
  0x02, 0x35, 0x34, 0x36, 0x33, 0x32, 0x16, 0x16, 0x15, 0x15, 0x14, 0x23,
  0x23, 0x22, 0x35, 0x35, 0x34, 0x26, 0x23, 0x22, 0x06, 0x15, 0x14, 0x16,
  0x16, 0x17, 0x1e, 0x02, 0x15, 0x14, 0x06, 0x23, 0xdd, 0x71, 0x3d, 0x0a,
  0x49, 0x0a, 0x58, 0x4d, 0x45, 0x46, 0x24, 0x45, 0x42, 0x49, 0x55, 0x38,
  0x7b, 0x69, 0x4a, 0x70, 0x3d, 0x0a, 0x4b, 0x0a, 0x53, 0x49, 0x3e, 0x44,
  0x22, 0x43, 0x45, 0x47, 0x58, 0x3a, 0x81, 0x71, 0x08, 0x30, 0x58, 0x3b,
  0x1d, 0x0a, 0x0a, 0x18, 0x33, 0x42, 0x3a, 0x2f, 0x1f, 0x2c, 0x25, 0x1a,
  0x1c, 0x2e, 0x4b, 0x39, 0x56, 0x62, 0x32, 0x5a, 0x3b, 0x14, 0x0a, 0x0a,
  0x0f, 0x34, 0x45, 0x33, 0x30, 0x21, 0x2a, 0x21, 0x1a, 0x1c, 0x2f, 0x4d,
  0x39, 0x58, 0x67, 0x00, 0x00, 0x01, 0x00, 0x26, 0x00, 0x00, 0x02, 0x19,
  0x02, 0xbc, 0x00, 0x17, 0x00, 0x00, 0x00, 0x15, 0x15, 0x14, 0x23, 0x23,
  0x22, 0x15, 0x11, 0x14, 0x23, 0x23, 0x22, 0x35, 0x11, 0x34, 0x23, 0x23,
  0x22, 0x35, 0x35, 0x34, 0x33, 0x21, 0x02, 0x19, 0x0a, 0xc0, 0x04, 0x0a,
  0x4c, 0x0a, 0x04, 0xb7, 0x0a, 0x0a, 0x01, 0xdf, 0x02, 0xbc, 0x0a, 0x40,
  0x0a, 0x04, 0xfd, 0xa6, 0x0a, 0x0a, 0x02, 0x5a, 0x04, 0x0a, 0x40, 0x0a,
  0x00, 0x01, 0x00, 0x4b, 0xff, 0xf8, 0x02, 0x36, 0x02, 0xbc, 0x00, 0x1b,
  0x00, 0x00, 0x16, 0x26, 0x26, 0x35, 0x11, 0x34, 0x33, 0x33, 0x32, 0x15,
  0x11, 0x14, 0x16, 0x33, 0x32, 0x36, 0x35, 0x11, 0x34, 0x33, 0x33, 0x32,
  0x15, 0x11, 0x14, 0x06, 0x06, 0x23, 0xf8, 0x6f, 0x3e, 0x0a, 0x4c, 0x0a,
  0x53, 0x43, 0x43, 0x52, 0x0a, 0x4c, 0x0a, 0x3d, 0x6f, 0x49, 0x08, 0x39,
  0x69, 0x44, 0x01, 0xd4, 0x0a, 0x0a, 0xfe, 0x2a, 0x41, 0x50, 0x50, 0x41,
  0x01, 0xd6, 0x0a, 0x0a, 0xfe, 0x2c, 0x44, 0x69, 0x39, 0x00, 0xff, 0xff,
  0x00, 0x4b, 0xff, 0xf8, 0x02, 0x36, 0x03, 0x7b, 0x00, 0x22, 0x00, 0x2f,
  0x00, 0x00, 0x00, 0x07, 0x00, 0xd1, 0x01, 0xdb, 0x00, 0xbf, 0xff, 0xff,
  0x00, 0x4b, 0xff, 0xf8, 0x02, 0x36, 0x03, 0x7b, 0x00, 0x22, 0x00, 0x2f,
  0x00, 0x00, 0x00, 0x07, 0x00, 0xd2, 0x01, 0xe9, 0x00, 0xbf, 0xff, 0xff,
  0x00, 0x4b, 0xff, 0xf8, 0x02, 0x36, 0x03, 0x90, 0x00, 0x22, 0x00, 0x2f,
  0x00, 0x00, 0x00, 0x07, 0x00, 0xce, 0x01, 0xdb, 0x00, 0xbf, 0xff, 0xff,
  0x00, 0x4b, 0xff, 0xf8, 0x02, 0x36, 0x03, 0x7b, 0x00, 0x22, 0x00, 0x2f,
  0x00, 0x00, 0x00, 0x07, 0x00, 0xd0, 0x01, 0x6b, 0x00, 0xbf, 0x00, 0x01,
  0x00, 0x20, 0x00, 0x00, 0x02, 0x3b, 0x02, 0xbc, 0x00, 0x16, 0x00, 0x00,
  0x32, 0x27, 0x03, 0x27, 0x34, 0x33, 0x33, 0x32, 0x17, 0x13, 0x16, 0x32,
  0x37, 0x13, 0x36, 0x33, 0x33, 0x32, 0x07, 0x03, 0x06, 0x23, 0x23, 0xfa,
  0x03, 0xd6, 0x01, 0x09, 0x51, 0x09, 0x03, 0xa5, 0x01, 0x04, 0x01, 0xa5,
  0x03, 0x08, 0x4f, 0x0b, 0x03, 0xd8, 0x03, 0x09, 0x51, 0x08, 0x02, 0xa9,
  0x04, 0x07, 0x08, 0xfd, 0xd7, 0x02, 0x02, 0x02, 0x29, 0x08, 0x0b, 0xfd,
  0x57, 0x08, 0x00, 0x01, 0x00, 0x19, 0x00, 0x00, 0x03, 0x54, 0x02, 0xbc,
  0x00, 0x2b, 0x00, 0x00, 0x32, 0x27, 0x03, 0x27, 0x34, 0x33, 0x33, 0x32,
  0x17, 0x13, 0x16, 0x32, 0x37, 0x13, 0x36, 0x33, 0x33, 0x32, 0x17, 0x13,
  0x16, 0x32, 0x37, 0x13, 0x36, 0x33, 0x33, 0x32, 0x16, 0x07, 0x03, 0x06,
  0x23, 0x23, 0x22, 0x27, 0x03, 0x26, 0x22, 0x07, 0x03, 0x06, 0x23, 0x23,
  0xd8, 0x02, 0xbc, 0x01, 0x0a, 0x51, 0x09, 0x02, 0x83, 0x01, 0x03, 0x01,
  0x7c, 0x02, 0x09, 0x4f, 0x09, 0x02, 0x83, 0x01, 0x02, 0x01, 0x84, 0x02,
  0x09, 0x4c, 0x05, 0x05, 0x01, 0xb5, 0x02, 0x09, 0x4d, 0x09, 0x02, 0x83,
  0x01, 0x02, 0x01, 0x7f, 0x01, 0x0a, 0x49, 0x08, 0x02, 0xa9, 0x03, 0x08,
  0x09, 0xfe, 0x0e, 0x02, 0x02, 0x01, 0xf2, 0x09, 0x09, 0xfe, 0x0d, 0x02,
  0x02, 0x01, 0xf3, 0x09, 0x06, 0x05, 0xfd, 0x58, 0x09, 0x09, 0x02, 0x04,
  0x03, 0x03, 0xfd, 0xfc, 0x09, 0x00, 0x00, 0x01, 0x00, 0x21, 0x00, 0x00,
  0x02, 0x3a, 0x02, 0xbc, 0x00, 0x2b, 0x00, 0x00, 0x32, 0x26, 0x37, 0x13,
  0x36, 0x27, 0x03, 0x26, 0x35, 0x34, 0x33, 0x33, 0x32, 0x17, 0x13, 0x16,
  0x32, 0x37, 0x13, 0x36, 0x33, 0x33, 0x32, 0x16, 0x07, 0x03, 0x06, 0x17,
  0x13, 0x16, 0x15, 0x14, 0x23, 0x23, 0x22, 0x27, 0x03, 0x26, 0x22, 0x07,
  0x03, 0x06, 0x23, 0x23, 0x25, 0x04, 0x03, 0xce, 0x02, 0x02, 0xce, 0x02,
  0x09, 0x53, 0x07, 0x05, 0xa1, 0x01, 0x04, 0x01, 0xa1, 0x05, 0x07, 0x52,
  0x06, 0x04, 0x03, 0xcd, 0x01, 0x01, 0xcd, 0x02, 0x09, 0x52, 0x07, 0x05,
  0xa1, 0x01, 0x04, 0x01, 0xa1, 0x05, 0x07, 0x53, 0x07, 0x05, 0x01, 0x4f,
  0x03, 0x03, 0x01, 0x4f, 0x04, 0x02, 0x06, 0x07, 0xfe, 0xf7, 0x01, 0x01,
  0x01, 0x09, 0x07, 0x07, 0x05, 0xfe, 0xb0, 0x03, 0x03, 0xfe, 0xb2, 0x04,
  0x02, 0x06, 0x07, 0x01, 0x08, 0x02, 0x02, 0xfe, 0xf8, 0x07, 0x00, 0x01,
  0x00, 0x22, 0x00, 0x01, 0x02, 0x29, 0x02, 0xbc, 0x00, 0x1e, 0x00, 0x00,
  0x36, 0x35, 0x11, 0x34, 0x27, 0x03, 0x26, 0x35, 0x34, 0x33, 0x33, 0x32,
  0x17, 0x13, 0x16, 0x32, 0x37, 0x13, 0x36, 0x33, 0x33, 0x32, 0x16, 0x07,
  0x03, 0x06, 0x15, 0x11, 0x14, 0x23, 0x23, 0xf4, 0x01, 0xd0, 0x01, 0x08,
  0x52, 0x09, 0x03, 0x99, 0x01, 0x04, 0x01, 0x99, 0x03, 0x09, 0x53, 0x05,
  0x05, 0x03, 0xd1, 0x01, 0x0a, 0x4c, 0x01, 0x0a, 0x01, 0x19, 0x04, 0x01,
  0x01, 0x87, 0x02, 0x03, 0x07, 0x07, 0xfe, 0xdb, 0x02, 0x02, 0x01, 0x25,
  0x07, 0x07, 0x05, 0xfe, 0x79, 0x01, 0x04, 0xfe, 0xe7, 0x0a, 0xff, 0xff,
  0x00, 0x22, 0x00, 0x01, 0x02, 0x29, 0x03, 0x7b, 0x00, 0x22, 0x00, 0x37,
  0x00, 0x00, 0x00, 0x07, 0x00, 0xd1, 0x01, 0xbf, 0x00, 0xbf, 0x00, 0x01,
  0x00, 0x29, 0x00, 0x00, 0x01, 0xf9, 0x02, 0xbc, 0x00, 0x1f, 0x00, 0x00,
  0x32, 0x35, 0x35, 0x34, 0x37, 0x01, 0x36, 0x26, 0x23, 0x21, 0x22, 0x35,
  0x35, 0x34, 0x33, 0x21, 0x32, 0x15, 0x15, 0x14, 0x07, 0x01, 0x06, 0x16,
  0x33, 0x21, 0x32, 0x15, 0x15, 0x14, 0x23, 0x21, 0x29, 0x04, 0x01, 0x5e,
  0x01, 0x02, 0x02, 0xfe, 0xab, 0x0a, 0x0a, 0x01, 0xbc, 0x0a, 0x04, 0xfe,
  0xa0, 0x01, 0x02, 0x02, 0x01, 0x57, 0x0a, 0x0a, 0xfe, 0x44, 0x0a, 0x46,
  0x08, 0x05, 0x02, 0x07, 0x01, 0x04, 0x0a, 0x3f, 0x0a, 0x0a, 0x46, 0x08,
  0x05, 0xfd, 0xf9, 0x01, 0x04, 0x0a, 0x3f, 0x0a, 0x00, 0x02, 0x00, 0x26,
  0xff, 0xf8, 0x01, 0xc9, 0x02, 0x05, 0x00, 0x27, 0x00, 0x34, 0x00, 0x00,
  0x00, 0x16, 0x16, 0x15, 0x11, 0x14, 0x23, 0x23, 0x22, 0x35, 0x35, 0x34,
  0x07, 0x06, 0x06, 0x23, 0x22, 0x26, 0x35, 0x34, 0x36, 0x33, 0x33, 0x32,
  0x35, 0x35, 0x34, 0x26, 0x23, 0x22, 0x06, 0x07, 0x06, 0x27, 0x27, 0x26,
  0x37, 0x36, 0x36, 0x33, 0x12, 0x36, 0x35, 0x35, 0x34, 0x23, 0x23, 0x22,
  0x06, 0x15, 0x14, 0x16, 0x33, 0x01, 0x3d, 0x5b, 0x31, 0x0a, 0x4c, 0x0a,
  0x05, 0x1a, 0x4b, 0x2e, 0x4a, 0x61, 0x6d, 0x62, 0x70, 0x04, 0x33, 0x34,
  0x2a, 0x35, 0x06, 0x03, 0x09, 0x51, 0x0a, 0x01, 0x08, 0x6e, 0x53, 0x1b,
  0x4e, 0x04, 0x5e, 0x3b, 0x46, 0x35, 0x2b, 0x02, 0x05, 0x2b, 0x4d, 0x31,
  0xfe, 0xae, 0x0a, 0x0a, 0x24, 0x05, 0x03, 0x1b, 0x1d, 0x4b, 0x4c, 0x4e,
  0x59, 0x04, 0x1b, 0x2c, 0x31, 0x21, 0x1c, 0x0a, 0x01, 0x0b, 0x02, 0x06,
  0x3b, 0x4b, 0xfe, 0x44, 0x38, 0x2b, 0x3b, 0x04, 0x2e, 0x29, 0x25, 0x26,
  0xff, 0xff, 0x00, 0x26, 0xff, 0xf8, 0x01, 0xc9, 0x02, 0xbc, 0x00, 0x22,
  0x00, 0x3a, 0x00, 0x00, 0x00, 0x03, 0x00, 0xd1, 0x01, 0x9d, 0x00, 0x00,
  0xff, 0xff, 0x00, 0x26, 0xff, 0xf8, 0x01, 0xc9, 0x02, 0xbc, 0x00, 0x22,
  0x00, 0x3a, 0x00, 0x00, 0x00, 0x03, 0x00, 0xd2, 0x01, 0xab, 0x00, 0x00,
  0xff, 0xff, 0x00, 0x26, 0xff, 0xf8, 0x01, 0xc9, 0x02, 0xd1, 0x00, 0x22,
  0x00, 0x3a, 0x00, 0x00, 0x00, 0x03, 0x00, 0xce, 0x01, 0x9d, 0x00, 0x00,
  0xff, 0xff, 0x00, 0x26, 0xff, 0xf8, 0x01, 0xc9, 0x02, 0xbc, 0x00, 0x22,
  0x00, 0x3a, 0x00, 0x00, 0x00, 0x03, 0x00, 0xd0, 0x01, 0x2c, 0x00, 0x00,
  0xff, 0xff, 0x00, 0x26, 0xff, 0xf8, 0x01, 0xc9, 0x03, 0x20, 0x00, 0x22,
  0x00, 0x3a, 0x00, 0x00, 0x00, 0x03, 0x00, 0xd3, 0x01, 0x6b, 0x00, 0x00,
  0xff, 0xff, 0x00, 0x26, 0xff, 0xf8, 0x01, 0xc9, 0x02, 0xbd, 0x00, 0x22,
  0x00, 0x3a, 0x00, 0x00, 0x00, 0x03, 0x00, 0xd4, 0x01, 0xa4, 0x00, 0x00,
  0x00, 0x03, 0x00, 0x26, 0xff, 0xf8, 0x03, 0x0e, 0x02, 0x05, 0x00, 0x42,
  0x00, 0x51, 0x00, 0x5e, 0x00, 0x00, 0x16, 0x26, 0x35, 0x34, 0x36, 0x33,
  0x33, 0x32, 0x35, 0x35, 0x34, 0x26, 0x23, 0x22, 0x06, 0x07, 0x06, 0x27,
  0x27, 0x26, 0x37, 0x36, 0x36, 0x33, 0x32, 0x16, 0x17, 0x16, 0x37, 0x36,
  0x36, 0x33, 0x32, 0x16, 0x17, 0x16, 0x16, 0x15, 0x14, 0x23, 0x21, 0x22,
  0x15, 0x14, 0x17, 0x16, 0x16, 0x33, 0x32, 0x36, 0x37, 0x36, 0x17, 0x17,
  0x16, 0x07, 0x06, 0x06, 0x23, 0x22, 0x26, 0x27, 0x26, 0x07, 0x06, 0x06,
  0x23, 0x12, 0x33, 0x33, 0x32, 0x35, 0x26, 0x27, 0x26, 0x26, 0x23, 0x22,
  0x06, 0x07, 0x06, 0x07, 0x06, 0x36, 0x35, 0x35, 0x34, 0x23, 0x23, 0x22,
  0x06, 0x15, 0x14, 0x16, 0x33, 0x8c, 0x66, 0x6d, 0x62, 0x70, 0x04, 0x36,
  0x35, 0x28, 0x38, 0x06, 0x03, 0x09, 0x4c, 0x0a, 0x01, 0x08, 0x6e, 0x4e,
  0x38, 0x59, 0x12, 0x02, 0x03, 0x13, 0x55, 0x33, 0x45, 0x6e, 0x12, 0x06,
  0x05, 0x0a, 0xfe, 0xcb, 0x04, 0x02, 0x04, 0x47, 0x35, 0x2b, 0x37, 0x10,
  0x04, 0x0a, 0x32, 0x08, 0x04, 0x16, 0x68, 0x45, 0x37, 0x57, 0x15, 0x04,
  0x01, 0x18, 0x64, 0x3e, 0xec, 0x04, 0xdd, 0x04, 0x02, 0x03, 0x08, 0x3c,
  0x2a, 0x2a, 0x3b, 0x08, 0x03, 0x02, 0xad, 0x4c, 0x04, 0x5f, 0x3c, 0x44,
  0x36, 0x2d, 0x08, 0x46, 0x49, 0x4b, 0x58, 0x04, 0x20, 0x2d, 0x37, 0x21,
  0x1c, 0x0a, 0x01, 0x0b, 0x02, 0x09, 0x39, 0x4a, 0x30, 0x23, 0x05, 0x05,
  0x21, 0x32, 0x4d, 0x41, 0x14, 0x42, 0x3e, 0x0a, 0x04, 0x01, 0x26, 0x2d,
  0x2f, 0x1f, 0x20, 0x09, 0x06, 0x20, 0x06, 0x07, 0x2f, 0x40, 0x2c, 0x23,
  0x04, 0x03, 0x25, 0x2b, 0x01, 0x32, 0x04, 0x23, 0x0b, 0x26, 0x30, 0x30,
  0x26, 0x0d, 0x21, 0xea, 0x34, 0x31, 0x2c, 0x04, 0x25, 0x26, 0x22, 0x28,
  0x00, 0x02, 0x00, 0x47, 0xff, 0xf8, 0x01, 0xf1, 0x02, 0xbc, 0x00, 0x22,
  0x00, 0x32, 0x00, 0x00, 0x00, 0x15, 0x14, 0x07, 0x06, 0x06, 0x23, 0x22,
  0x26, 0x27, 0x26, 0x06, 0x15, 0x15, 0x14, 0x23, 0x23, 0x22, 0x35, 0x11,
  0x34, 0x33, 0x33, 0x32, 0x15, 0x15, 0x14, 0x16, 0x37, 0x36, 0x36, 0x33,
  0x32, 0x16, 0x17, 0x06, 0x35, 0x34, 0x27, 0x26, 0x23, 0x22, 0x07, 0x06,
  0x15, 0x14, 0x17, 0x16, 0x33, 0x32, 0x37, 0x01, 0xf1, 0x13, 0x16, 0x5f,
  0x48, 0x23, 0x3c, 0x16, 0x02, 0x03, 0x0a, 0x4c, 0x0a, 0x0a, 0x4c, 0x0a,
  0x03, 0x02, 0x16, 0x3d, 0x22, 0x4b, 0x60, 0x15, 0x51, 0x20, 0x1d, 0x3c,
  0x38, 0x1d, 0x1a, 0x18, 0x1e, 0x3a, 0x42, 0x1d, 0x01, 0x46, 0x46, 0x4b,
  0x35, 0x41, 0x47, 0x1c, 0x19, 0x02, 0x02, 0x02, 0x21, 0x0a, 0x0a, 0x02,
  0xa8, 0x0a, 0x0a, 0xdf, 0x02, 0x02, 0x02, 0x19, 0x1b, 0x4a, 0x42, 0xc8,
  0x4d, 0x52, 0x32, 0x30, 0x33, 0x2e, 0x52, 0x52, 0x2c, 0x36, 0x37, 0x00,
  0x00, 0x01, 0x00, 0x37, 0xff, 0xf8, 0x01, 0xe6, 0x02, 0x05, 0x00, 0x34,
  0x00, 0x00, 0x16, 0x26, 0x27, 0x26, 0x35, 0x34, 0x37, 0x36, 0x36, 0x33,
  0x32, 0x16, 0x17, 0x16, 0x17, 0x14, 0x07, 0x07, 0x23, 0x22, 0x27, 0x27,
  0x26, 0x26, 0x23, 0x22, 0x06, 0x07, 0x06, 0x15, 0x14, 0x17, 0x16, 0x16,
  0x33, 0x32, 0x36, 0x37, 0x36, 0x26, 0x37, 0x35, 0x36, 0x17, 0x17, 0x16,
  0x15, 0x15, 0x14, 0x07, 0x06, 0x06, 0x23, 0xc6, 0x6c, 0x14, 0x0f, 0x0f,
  0x14, 0x6d, 0x4b, 0x4b, 0x70, 0x11, 0x06, 0x02, 0x09, 0x4b, 0x02, 0x07,
  0x03, 0x03, 0x08, 0x3e, 0x2c, 0x2b, 0x3c, 0x09, 0x09, 0x09, 0x0a, 0x3b,
  0x2b, 0x2c, 0x3f, 0x08, 0x01, 0x01, 0x01, 0x03, 0x08, 0x4b, 0x08, 0x05,
  0x11, 0x70, 0x4b, 0x08, 0x4d, 0x42, 0x2e, 0x4b, 0x45, 0x34, 0x40, 0x4c,
  0x4c, 0x3a, 0x10, 0x11, 0x08, 0x02, 0x0b, 0x09, 0x10, 0x22, 0x2e, 0x2e,
  0x26, 0x24, 0x3b, 0x3a, 0x24, 0x28, 0x2e, 0x2e, 0x25, 0x01, 0x03, 0x01,
  0x04, 0x08, 0x02, 0x0c, 0x02, 0x06, 0x04, 0x09, 0x0d, 0x3d, 0x4a, 0x00,
  0x00, 0x01, 0x00, 0x37, 0xff, 0x46, 0x01, 0xe6, 0x02, 0x05, 0x00, 0x4e,
  0x00, 0x00, 0x24, 0x26, 0x37, 0x35, 0x36, 0x17, 0x17, 0x16, 0x15, 0x15,
  0x14, 0x07, 0x06, 0x06, 0x07, 0x06, 0x17, 0x16, 0x15, 0x14, 0x07, 0x06,
  0x06, 0x23, 0x22, 0x27, 0x26, 0x37, 0x37, 0x36, 0x36, 0x17, 0x16, 0x33,
  0x32, 0x36, 0x35, 0x34, 0x27, 0x26, 0x23, 0x26, 0x26, 0x27, 0x26, 0x35,
  0x34, 0x37, 0x36, 0x36, 0x33, 0x32, 0x16, 0x17, 0x16, 0x17, 0x14, 0x07,
  0x07, 0x23, 0x22, 0x27, 0x27, 0x26, 0x26, 0x23, 0x22, 0x06, 0x07, 0x06,
  0x15, 0x14, 0x17, 0x16, 0x16, 0x33, 0x32, 0x36, 0x37, 0x01, 0x85, 0x01,
  0x01, 0x03, 0x08, 0x4b, 0x08, 0x05, 0x0f, 0x5c, 0x40, 0x06, 0x05, 0x30,
  0x03, 0x08, 0x31, 0x20, 0x1c, 0x16, 0x09, 0x02, 0x05, 0x01, 0x07, 0x04,
  0x0b, 0x0b, 0x13, 0x18, 0x36, 0x01, 0x04, 0x3a, 0x53, 0x11, 0x0f, 0x0f,
  0x14, 0x6d, 0x4b, 0x4b, 0x70, 0x11, 0x06, 0x02, 0x09, 0x4b, 0x02, 0x07,
  0x03, 0x03, 0x08, 0x3e, 0x2c, 0x2b, 0x3c, 0x09, 0x09, 0x09, 0x0a, 0x3b,
  0x2b, 0x2c, 0x3f, 0x08, 0x9f, 0x03, 0x01, 0x04, 0x08, 0x02, 0x0c, 0x02,
  0x06, 0x04, 0x09, 0x0d, 0x36, 0x47, 0x08, 0x02, 0x03, 0x2c, 0x2f, 0x0b,
  0x0c, 0x21, 0x1c, 0x08, 0x03, 0x09, 0x21, 0x05, 0x03, 0x01, 0x03, 0x15,
  0x15, 0x26, 0x2b, 0x02, 0x0a, 0x4a, 0x37, 0x2e, 0x4b, 0x45, 0x34, 0x40,
  0x4c, 0x4c, 0x3a, 0x10, 0x11, 0x08, 0x02, 0x0b, 0x09, 0x10, 0x22, 0x2e,
  0x2e, 0x26, 0x24, 0x3b, 0x3a, 0x24, 0x28, 0x2e, 0x2e, 0x25, 0x00, 0x02,
  0x00, 0x38, 0xff, 0xf8, 0x01, 0xe2, 0x02, 0xbc, 0x00, 0x22, 0x00, 0x32,
  0x00, 0x00, 0x00, 0x33, 0x33, 0x32, 0x15, 0x11, 0x14, 0x23, 0x23, 0x22,
  0x35, 0x35, 0x34, 0x26, 0x07, 0x06, 0x06, 0x23, 0x22, 0x26, 0x27, 0x26,
  0x35, 0x34, 0x37, 0x36, 0x36, 0x33, 0x32, 0x16, 0x17, 0x16, 0x36, 0x35,
  0x35, 0x02, 0x35, 0x34, 0x27, 0x26, 0x23, 0x22, 0x07, 0x06, 0x15, 0x14,
  0x17, 0x16, 0x33, 0x32, 0x37, 0x01, 0x82, 0x0a, 0x4c, 0x0a, 0x0a, 0x4c,
  0x0a, 0x03, 0x02, 0x16, 0x3c, 0x23, 0x48, 0x5f, 0x16, 0x13, 0x10, 0x15,
  0x60, 0x4b, 0x22, 0x3d, 0x16, 0x02, 0x03, 0x02, 0x19, 0x1d, 0x38, 0x3c,
  0x1d, 0x20, 0x19, 0x1d, 0x42, 0x3a, 0x1e, 0x02, 0xbc, 0x0a, 0xfd, 0x58,
  0x0a, 0x0a, 0x21, 0x02, 0x02, 0x02, 0x19, 0x1c, 0x47, 0x41, 0x35, 0x4b,
  0x46, 0x33, 0x42, 0x4a, 0x1b, 0x19, 0x02, 0x02, 0x02, 0xdf, 0xfd, 0xf9,
  0x54, 0x54, 0x2c, 0x33, 0x30, 0x32, 0x52, 0x4d, 0x2f, 0x37, 0x36, 0x00,
  0x00, 0x02, 0x00, 0x37, 0xff, 0xf8, 0x01, 0xde, 0x02, 0xbc, 0x00, 0x44,
  0x00, 0x58, 0x00, 0x00, 0x00, 0x15, 0x14, 0x07, 0x06, 0x06, 0x23, 0x22,
  0x26, 0x27, 0x26, 0x35, 0x34, 0x36, 0x37, 0x36, 0x36, 0x37, 0x36, 0x33,
  0x32, 0x16, 0x17, 0x16, 0x36, 0x27, 0x26, 0x27, 0x26, 0x0f, 0x02, 0x22,
  0x27, 0x27, 0x35, 0x34, 0x37, 0x37, 0x36, 0x27, 0x26, 0x27, 0x26, 0x35,
  0x34, 0x33, 0x33, 0x32, 0x17, 0x17, 0x16, 0x31, 0x16, 0x3f, 0x02, 0x32,
  0x17, 0x17, 0x15, 0x14, 0x07, 0x07, 0x06, 0x17, 0x16, 0x16, 0x17, 0x06,
  0x35, 0x34, 0x27, 0x26, 0x26, 0x23, 0x22, 0x06, 0x07, 0x06, 0x15, 0x14,
  0x17, 0x16, 0x16, 0x33, 0x32, 0x36, 0x37, 0x01, 0xde, 0x0c, 0x14, 0x6b,
  0x49, 0x48, 0x6a, 0x15, 0x0c, 0x05, 0x07, 0x0d, 0x45, 0x30, 0x1b, 0x1a,
  0x1e, 0x37, 0x11, 0x02, 0x03, 0x01, 0x17, 0x23, 0x02, 0x03, 0x61, 0x04,
  0x06, 0x03, 0x09, 0x07, 0x48, 0x06, 0x05, 0x28, 0x27, 0x03, 0x08, 0x52,
  0x05, 0x07, 0x18, 0x24, 0x02, 0x03, 0x52, 0x04, 0x06, 0x03, 0x09, 0x07,
  0x38, 0x04, 0x02, 0x26, 0x2e, 0x07, 0x58, 0x07, 0x0a, 0x39, 0x29, 0x29,
  0x39, 0x09, 0x07, 0x08, 0x09, 0x39, 0x28, 0x28, 0x3a, 0x0a, 0x01, 0x3a,
  0x4a, 0x4b, 0x27, 0x3c, 0x4a, 0x49, 0x3d, 0x26, 0x4c, 0x28, 0x34, 0x16,
  0x2d, 0x3d, 0x07, 0x05, 0x0c, 0x0c, 0x02, 0x02, 0x03, 0x3a, 0x2f, 0x04,
  0x02, 0x1b, 0x01, 0x08, 0x21, 0x03, 0x07, 0x03, 0x15, 0x02, 0x03, 0x2b,
  0x23, 0x03, 0x04, 0x05, 0x05, 0x1a, 0x27, 0x02, 0x01, 0x17, 0x01, 0x08,
  0x22, 0x03, 0x07, 0x03, 0x10, 0x01, 0x03, 0x30, 0x69, 0x42, 0xb7, 0x3e,
  0x3d, 0x19, 0x26, 0x2d, 0x2d, 0x26, 0x16, 0x40, 0x40, 0x19, 0x26, 0x2d,
  0x2d, 0x26, 0x00, 0x02, 0x00, 0x38, 0xff, 0xf7, 0x01, 0xe6, 0x02, 0x05,
  0x00, 0x22, 0x00, 0x31, 0x00, 0x00, 0x00, 0x07, 0x14, 0x23, 0x21, 0x22,
  0x15, 0x14, 0x17, 0x16, 0x16, 0x33, 0x32, 0x37, 0x36, 0x17, 0x17, 0x16,
  0x07, 0x06, 0x06, 0x23, 0x22, 0x26, 0x27, 0x26, 0x35, 0x34, 0x37, 0x36,
  0x36, 0x33, 0x32, 0x16, 0x17, 0x24, 0x06, 0x07, 0x06, 0x07, 0x14, 0x33,
  0x33, 0x32, 0x35, 0x26, 0x27, 0x26, 0x26, 0x23, 0x01, 0xe6, 0x01, 0x0a,
  0xfe, 0xc1, 0x04, 0x06, 0x0b, 0x43, 0x33, 0x4a, 0x28, 0x05, 0x08, 0x39,
  0x07, 0x04, 0x1c, 0x67, 0x41, 0x49, 0x64, 0x19, 0x18, 0x0b, 0x12, 0x6c,
  0x4d, 0x65, 0x64, 0x0b, 0xff, 0x01, 0x38, 0x0a, 0x07, 0x02, 0x04, 0xe5,
  0x04, 0x02, 0x04, 0x0a, 0x3b, 0x2c, 0x01, 0x15, 0x33, 0x0a, 0x04, 0x22,
  0x12, 0x28, 0x2d, 0x3d, 0x0a, 0x07, 0x26, 0x06, 0x07, 0x2d, 0x34, 0x40,
  0x3b, 0x3b, 0x54, 0x49, 0x26, 0x45, 0x50, 0x65, 0x62, 0x74, 0x2b, 0x24,
  0x16, 0x22, 0x04, 0x04, 0x21, 0x10, 0x27, 0x2f, 0xff, 0xff, 0x00, 0x38,
  0xff, 0xf7, 0x01, 0xe6, 0x02, 0xbc, 0x00, 0x22, 0x00, 0x47, 0x00, 0x00,
  0x00, 0x03, 0x00, 0xd1, 0x01, 0xa6, 0x00, 0x00, 0xff, 0xff, 0x00, 0x38,
  0xff, 0xf7, 0x01, 0xe6, 0x02, 0xbc, 0x00, 0x22, 0x00, 0x47, 0x00, 0x00,
  0x00, 0x03, 0x00, 0xd2, 0x01, 0xb4, 0x00, 0x00, 0xff, 0xff, 0x00, 0x38,
  0xff, 0xf7, 0x01, 0xe6, 0x02, 0xd1, 0x00, 0x22, 0x00, 0x47, 0x00, 0x00,
  0x00, 0x03, 0x00, 0xce, 0x01, 0xa7, 0x00, 0x00, 0xff, 0xff, 0x00, 0x38,
  0xff, 0xf7, 0x01, 0xe6, 0x02, 0xbc, 0x00, 0x22, 0x00, 0x47, 0x00, 0x00,
  0x00, 0x03, 0x00, 0xd0, 0x01, 0x36, 0x00, 0x00, 0x00, 0x01, 0x00, 0x1f,
  0x00, 0x00, 0x01, 0x48, 0x02, 0xbc, 0x00, 0x2c, 0x00, 0x00, 0x12, 0x06,
  0x15, 0x15, 0x14, 0x33, 0x33, 0x32, 0x15, 0x15, 0x14, 0x23, 0x23, 0x22,
  0x15, 0x11, 0x14, 0x23, 0x23, 0x22, 0x35, 0x11, 0x34, 0x23, 0x23, 0x22,
  0x35, 0x35, 0x34, 0x33, 0x33, 0x32, 0x35, 0x35, 0x34, 0x36, 0x36, 0x33,
  0x33, 0x32, 0x15, 0x15, 0x14, 0x23, 0x23, 0xf4, 0x24, 0x04, 0x69, 0x0a,
  0x0a, 0x69, 0x04, 0x0a, 0x4c, 0x0a, 0x04, 0x43, 0x0a, 0x0a, 0x43, 0x04,
  0x1f, 0x4a, 0x43, 0x22, 0x0a, 0x0a, 0x18, 0x02, 0x68, 0x26, 0x35, 0x0c,
  0x04, 0x0a, 0x44, 0x0a, 0x04, 0xfe, 0x69, 0x0a, 0x0a, 0x01, 0x97, 0x04,
  0x0a, 0x44, 0x0a, 0x04, 0x12, 0x42, 0x48, 0x1f, 0x0a, 0x40, 0x0a, 0x00,
  0x00, 0x02, 0x00, 0x34, 0xff, 0x39, 0x01, 0xdf, 0x02, 0x05, 0x00, 0x2b,
  0x00, 0x41, 0x00, 0x00, 0x00, 0x33, 0x33, 0x32, 0x15, 0x11, 0x14, 0x06,
  0x23, 0x22, 0x27, 0x26, 0x35, 0x37, 0x34, 0x36, 0x17, 0x16, 0x33, 0x32,
  0x36, 0x35, 0x35, 0x34, 0x26, 0x07, 0x06, 0x23, 0x22, 0x26, 0x27, 0x26,
  0x35, 0x34, 0x37, 0x36, 0x36, 0x33, 0x32, 0x17, 0x16, 0x36, 0x35, 0x35,
  0x02, 0x36, 0x35, 0x34, 0x26, 0x27, 0x26, 0x26, 0x23, 0x22, 0x06, 0x07,
  0x06, 0x15, 0x14, 0x17, 0x16, 0x16, 0x33, 0x32, 0x36, 0x37, 0x01, 0x7f,
  0x0a, 0x4c, 0x0a, 0x89, 0x73, 0x10, 0x22, 0x0a, 0x03, 0x06, 0x05, 0x0e,
  0x1b, 0x55, 0x4c, 0x03, 0x02, 0x2a, 0x51, 0x41, 0x69, 0x14, 0x0d, 0x0f,
  0x13, 0x61, 0x42, 0x52, 0x2f, 0x02, 0x03, 0x03, 0x03, 0x03, 0x04, 0x08,
  0x38, 0x2a, 0x2a, 0x38, 0x0c, 0x0b, 0x0a, 0x0a, 0x3b, 0x2a, 0x2c, 0x37,
  0x08, 0x01, 0xfd, 0x0a, 0xfe, 0x27, 0x79, 0x68, 0x02, 0x01, 0x0a, 0x45,
  0x04, 0x06, 0x01, 0x01, 0x3f, 0x4b, 0x12, 0x02, 0x02, 0x02, 0x31, 0x44,
  0x42, 0x2c, 0x4e, 0x53, 0x2d, 0x3c, 0x49, 0x32, 0x02, 0x01, 0x02, 0x1f,
  0xfe, 0xc0, 0x24, 0x2a, 0x2a, 0x23, 0x10, 0x25, 0x2f, 0x2f, 0x25, 0x1e,
  0x3f, 0x45, 0x19, 0x25, 0x2f, 0x2f, 0x25, 0x00, 0x00, 0x01, 0x00, 0x46,
  0x00, 0x00, 0x01, 0xdb, 0x02, 0xbc, 0x00, 0x21, 0x00, 0x00, 0x00, 0x16,
  0x15, 0x11, 0x14, 0x23, 0x23, 0x22, 0x35, 0x11, 0x34, 0x26, 0x23, 0x22,
  0x06, 0x15, 0x11, 0x14, 0x23, 0x23, 0x22, 0x35, 0x11, 0x34, 0x33, 0x33,
  0x32, 0x15, 0x15, 0x14, 0x16, 0x37, 0x36, 0x33, 0x01, 0x7b, 0x60, 0x0a,
  0x4c, 0x0a, 0x3a, 0x30, 0x2f, 0x3c, 0x0a, 0x4c, 0x0a, 0x0a, 0x4c, 0x0a,
  0x03, 0x01, 0x2b, 0x54, 0x02, 0x04, 0x5f, 0x51, 0xfe, 0xb6, 0x0a, 0x0a,
  0x01, 0x37, 0x32, 0x3e, 0x3e, 0x31, 0xfe, 0xc8, 0x0a, 0x0a, 0x02, 0xa8,
  0x0a, 0x0a, 0xe3, 0x02, 0x02, 0x02, 0x37, 0x00, 0x00, 0x02, 0x00, 0x40,
  0x00, 0x01, 0x00, 0xc0, 0x02, 0xcd, 0x00, 0x0b, 0x00, 0x17, 0x00, 0x00,
  0x12, 0x26, 0x35, 0x34, 0x36, 0x33, 0x32, 0x16, 0x15, 0x14, 0x06, 0x23,
  0x02, 0x35, 0x11, 0x34, 0x33, 0x33, 0x32, 0x15, 0x11, 0x14, 0x23, 0x23,
  0x64, 0x24, 0x24, 0x1c, 0x1c, 0x24, 0x24, 0x1c, 0x32, 0x0a, 0x4c, 0x0a,
  0x0a, 0x4c, 0x02, 0x4d, 0x24, 0x1c, 0x1c, 0x24, 0x24, 0x1c, 0x1c, 0x24,
  0xfd, 0xb4, 0x0a, 0x01, 0xe8, 0x0a, 0x0a, 0xfe, 0x18, 0x0a, 0x00, 0x01,
  0x00, 0x3e, 0x00, 0x00, 0x00, 0x9e, 0x01, 0xfd, 0x00, 0x0b, 0x00, 0x00,
  0x32, 0x35, 0x11, 0x34, 0x33, 0x33, 0x32, 0x15, 0x11, 0x14, 0x23, 0x23,
  0x3e, 0x0a, 0x4c, 0x0a, 0x0a, 0x4c, 0x0a, 0x01, 0xe9, 0x0a, 0x0a, 0xfe,
  0x17, 0x0a, 0xff, 0xff, 0x00, 0x3a, 0x00, 0x00, 0x00, 0xd0, 0x02, 0xbc,
  0x00, 0x22, 0x00, 0x50, 0x00, 0x00, 0x00, 0x03, 0x00, 0xd1, 0x01, 0x09,
  0x00, 0x00, 0xff, 0xff, 0xff, 0xe4, 0x00, 0x00, 0x00, 0xf7, 0x02, 0xbc,
  0x00, 0x22, 0x00, 0x50, 0x00, 0x00, 0x00, 0x03, 0x00, 0xd2, 0x01, 0x17,
  0x00, 0x00, 0xff, 0xff, 0xff, 0xd3, 0x00, 0x00, 0x01, 0x09, 0x02, 0xd1,
  0x00, 0x22, 0x00, 0x50, 0x00, 0x00, 0x00, 0x03, 0x00, 0xce, 0x01, 0x09,
  0x00, 0x00, 0xff, 0xff, 0x00, 0x01, 0x00, 0x00, 0x00, 0x9e, 0x02, 0xbc,
  0x00, 0x22, 0x00, 0x50, 0x00, 0x00, 0x00, 0x03, 0x00, 0xd0, 0x00, 0x98,
  0x00, 0x00, 0x00, 0x02, 0xff, 0xd4, 0xff, 0x30, 0x00, 0xb9, 0x02, 0xcd,
  0x00, 0x0b, 0x00, 0x1e, 0x00, 0x00, 0x12, 0x26, 0x35, 0x34, 0x36, 0x33,
  0x32, 0x16, 0x15, 0x14, 0x06, 0x23, 0x02, 0x35, 0x35, 0x34, 0x33, 0x32,
  0x36, 0x35, 0x03, 0x34, 0x33, 0x33, 0x32, 0x15, 0x11, 0x14, 0x06, 0x06,
  0x27, 0x5d, 0x24, 0x24, 0x1c, 0x1d, 0x23, 0x24, 0x1c, 0xa5, 0x0a, 0x39,
  0x33, 0x01, 0x0a, 0x4c, 0x0a, 0x28, 0x58, 0x4b, 0x02, 0x4d, 0x24, 0x1c,
  0x1c, 0x24, 0x23, 0x1d, 0x1c, 0x24, 0xfc, 0xe4, 0x0a, 0x3e, 0x0a, 0x2e,
  0x32, 0x02, 0x10, 0x0a, 0x0a, 0xfd, 0xf1, 0x42, 0x4e, 0x24, 0x01, 0x00,
  0x00, 0x01, 0x00, 0x46, 0x00, 0x00, 0x01, 0xe6, 0x02, 0xbc, 0x00, 0x26,
  0x00, 0x00, 0x32, 0x35, 0x11, 0x34, 0x33, 0x33, 0x32, 0x15, 0x11, 0x14,
  0x16, 0x37, 0x37, 0x36, 0x33, 0x33, 0x32, 0x16, 0x07, 0x07, 0x06, 0x17,
  0x13, 0x17, 0x14, 0x23, 0x23, 0x22, 0x27, 0x03, 0x26, 0x07, 0x07, 0x06,
  0x15, 0x15, 0x14, 0x23, 0x23, 0x46, 0x0a, 0x4c, 0x0a, 0x04, 0x01, 0xb9,
  0x04, 0x08, 0x59, 0x06, 0x03, 0x04, 0x81, 0x02, 0x01, 0x99, 0x01, 0x09,
  0x50, 0x08, 0x03, 0x77, 0x02, 0x03, 0x5e, 0x02, 0x0a, 0x4c, 0x0a, 0x02,
  0xa8, 0x0a, 0x0a, 0xfe, 0x7f, 0x02, 0x02, 0x02, 0xc9, 0x05, 0x07, 0x05,
  0x95, 0x04, 0x02, 0xfe, 0xb6, 0x04, 0x08, 0x08, 0x01, 0x10, 0x05, 0x04,
  0x68, 0x04, 0x01, 0xa2, 0x0a, 0x00, 0x00, 0x01, 0x00, 0x46, 0x00, 0x00,
  0x00, 0xa6, 0x02, 0xbc, 0x00, 0x0b, 0x00, 0x00, 0x32, 0x35, 0x11, 0x34,
  0x33, 0x33, 0x32, 0x15, 0x11, 0x14, 0x23, 0x23, 0x46, 0x0a, 0x4c, 0x0a,
  0x0a, 0x4c, 0x0a, 0x02, 0xa8, 0x0a, 0x0a, 0xfd, 0x58, 0x0a, 0x00, 0x01,
  0x00, 0x46, 0x00, 0x00, 0x02, 0xfb, 0x02, 0x04, 0x00, 0x36, 0x00, 0x00,
  0x00, 0x16, 0x15, 0x11, 0x14, 0x23, 0x23, 0x22, 0x35, 0x11, 0x34, 0x26,
  0x23, 0x22, 0x06, 0x15, 0x11, 0x14, 0x23, 0x23, 0x22, 0x35, 0x11, 0x34,
  0x26, 0x23, 0x22, 0x06, 0x15, 0x11, 0x14, 0x23, 0x23, 0x22, 0x35, 0x11,
  0x34, 0x33, 0x33, 0x32, 0x15, 0x15, 0x14, 0x16, 0x37, 0x36, 0x33, 0x32,
  0x16, 0x17, 0x16, 0x37, 0x36, 0x36, 0x33, 0x02, 0xa3, 0x58, 0x0a, 0x4b,
  0x0a, 0x37, 0x2e, 0x2e, 0x3a, 0x0a, 0x4b, 0x0a, 0x37, 0x2e, 0x2e, 0x37,
  0x0a, 0x4c, 0x0a, 0x0a, 0x4c, 0x0a, 0x03, 0x02, 0x2c, 0x54, 0x33, 0x48,
  0x14, 0x03, 0x03, 0x18, 0x4f, 0x30, 0x02, 0x04, 0x5b, 0x51, 0xfe, 0xb2,
  0x0a, 0x0a, 0x01, 0x3a, 0x32, 0x3b, 0x3a, 0x31, 0xfe, 0xc4, 0x0a, 0x0a,
  0x01, 0x3a, 0x32, 0x3b, 0x3a, 0x31, 0xfe, 0xc4, 0x0a, 0x0a, 0x01, 0xe9,
  0x0a, 0x0a, 0x22, 0x02, 0x02, 0x02, 0x35, 0x27, 0x26, 0x04, 0x04, 0x27,
  0x26, 0x00, 0x00, 0x01, 0x00, 0x46, 0x00, 0x00, 0x01, 0xdb, 0x02, 0x04,
  0x00, 0x21, 0x00, 0x00, 0x00, 0x16, 0x15, 0x11, 0x14, 0x23, 0x23, 0x22,
  0x35, 0x11, 0x34, 0x26, 0x23, 0x22, 0x06, 0x15, 0x11, 0x14, 0x23, 0x23,
  0x22, 0x35, 0x11, 0x34, 0x33, 0x33, 0x32, 0x15, 0x15, 0x14, 0x16, 0x37,
  0x36, 0x33, 0x01, 0x7b, 0x60, 0x0a, 0x4c, 0x0a, 0x3a, 0x30, 0x2f, 0x3c,
  0x0a, 0x4c, 0x0a, 0x0a, 0x4c, 0x0a, 0x03, 0x01, 0x2b, 0x54, 0x02, 0x04,
  0x5f, 0x51, 0xfe, 0xb6, 0x0a, 0x0a, 0x01, 0x37, 0x32, 0x3e, 0x3e, 0x31,
  0xfe, 0xc8, 0x0a, 0x0a, 0x01, 0xe9, 0x0a, 0x0a, 0x24, 0x02, 0x02, 0x02,
  0x37, 0x00, 0xff, 0xff, 0x00, 0x46, 0x00, 0x00, 0x01, 0xdb, 0x02, 0xbd,
  0x00, 0x22, 0x00, 0x59, 0x00, 0x00, 0x00, 0x03, 0x00, 0xd4, 0x01, 0xb4,
  0x00, 0x00, 0x00, 0x02, 0x00, 0x36, 0xff, 0xf8, 0x01, 0xf3, 0x02, 0x05,
  0x00, 0x13, 0x00, 0x27, 0x00, 0x00, 0x16, 0x26, 0x27, 0x26, 0x35, 0x34,
  0x37, 0x36, 0x36, 0x33, 0x32, 0x16, 0x17, 0x16, 0x15, 0x14, 0x07, 0x06,
  0x06, 0x23, 0x36, 0x36, 0x37, 0x36, 0x35, 0x34, 0x27, 0x26, 0x26, 0x23,
  0x22, 0x06, 0x07, 0x06, 0x15, 0x14, 0x17, 0x16, 0x16, 0x33, 0xcc, 0x6e,
  0x16, 0x12, 0x11, 0x16, 0x6e, 0x4c, 0x48, 0x6b, 0x17, 0x12, 0x12, 0x16,
  0x6c, 0x49, 0x28, 0x3c, 0x0d, 0x0b, 0x0a, 0x0d, 0x3c, 0x2b, 0x29, 0x3c,
  0x0d, 0x0b, 0x0b, 0x0c, 0x3d, 0x2b, 0x08, 0x4b, 0x43, 0x36, 0x44, 0x47,
  0x31, 0x42, 0x4b, 0x4b, 0x41, 0x33, 0x45, 0x46, 0x35, 0x43, 0x4b, 0x53,
  0x2d, 0x29, 0x26, 0x38, 0x38, 0x25, 0x29, 0x2d, 0x2d, 0x29, 0x23, 0x3a,
  0x3a, 0x24, 0x29, 0x2d, 0xff, 0xff, 0x00, 0x36, 0xff, 0xf8, 0x01, 0xf3,
  0x02, 0xbc, 0x00, 0x22, 0x00, 0x5b, 0x00, 0x00, 0x00, 0x03, 0x00, 0xd1,
  0x01, 0xa9, 0x00, 0x00, 0xff, 0xff, 0x00, 0x36, 0xff, 0xf8, 0x01, 0xf3,
  0x02, 0xbc, 0x00, 0x22, 0x00, 0x5b, 0x00, 0x00, 0x00, 0x03, 0x00, 0xd2,
  0x01, 0xb7, 0x00, 0x00, 0xff, 0xff, 0x00, 0x36, 0xff, 0xf8, 0x01, 0xf3,
  0x02, 0xd1, 0x00, 0x22, 0x00, 0x5b, 0x00, 0x00, 0x00, 0x03, 0x00, 0xce,
  0x01, 0xa9, 0x00, 0x00, 0xff, 0xff, 0x00, 0x36, 0xff, 0xf8, 0x01, 0xf3,
  0x02, 0xbc, 0x00, 0x22, 0x00, 0x5b, 0x00, 0x00, 0x00, 0x03, 0x00, 0xd0,
  0x01, 0x38, 0x00, 0x00, 0x00, 0x03, 0x00, 0x2b, 0xff, 0xd5, 0x01, 0xea,
  0x02, 0x2c, 0x00, 0x2b, 0x00, 0x3a, 0x00, 0x49, 0x00, 0x00, 0x00, 0x15,
  0x14, 0x07, 0x06, 0x06, 0x23, 0x22, 0x27, 0x26, 0x07, 0x07, 0x06, 0x27,
  0x27, 0x26, 0x37, 0x37, 0x36, 0x27, 0x26, 0x27, 0x26, 0x35, 0x34, 0x37,
  0x36, 0x36, 0x33, 0x32, 0x17, 0x16, 0x37, 0x37, 0x36, 0x17, 0x17, 0x16,
  0x07, 0x07, 0x06, 0x17, 0x16, 0x17, 0x04, 0x17, 0x16, 0x16, 0x37, 0x37,
  0x36, 0x27, 0x26, 0x23, 0x22, 0x06, 0x07, 0x06, 0x15, 0x16, 0x35, 0x34,
  0x27, 0x35, 0x27, 0x23, 0x07, 0x06, 0x17, 0x16, 0x33, 0x32, 0x36, 0x37,
  0x01, 0xea, 0x12, 0x16, 0x6c, 0x49, 0x3d, 0x32, 0x04, 0x01, 0x23, 0x06,
  0x08, 0x36, 0x07, 0x05, 0x27, 0x02, 0x02, 0x0b, 0x0d, 0x11, 0x10, 0x17,
  0x6d, 0x4c, 0x38, 0x2c, 0x04, 0x01, 0x23, 0x06, 0x08, 0x36, 0x07, 0x05,
  0x25, 0x01, 0x01, 0x10, 0x0d, 0xfe, 0xb7, 0x06, 0x01, 0x04, 0x01, 0xa7,
  0x02, 0x04, 0x16, 0x1e, 0x2a, 0x3c, 0x0d, 0x0a, 0xfa, 0x08, 0x02, 0x01,
  0xb0, 0x02, 0x04, 0x1b, 0x22, 0x28, 0x3c, 0x0d, 0x01, 0x46, 0x45, 0x46,
  0x35, 0x43, 0x4b, 0x1a, 0x02, 0x03, 0x33, 0x09, 0x07, 0x2b, 0x06, 0x08,
  0x39, 0x03, 0x03, 0x10, 0x22, 0x33, 0x47, 0x49, 0x2f, 0x42, 0x4b, 0x16,
  0x02, 0x03, 0x33, 0x09, 0x07, 0x2a, 0x06, 0x08, 0x36, 0x03, 0x03, 0x15,
  0x23, 0xa6, 0x23, 0x02, 0x01, 0x02, 0xf2, 0x05, 0x01, 0x0b, 0x2d, 0x29,
  0x1f, 0x3e, 0x3d, 0x3d, 0x34, 0x23, 0x01, 0x07, 0xff, 0x04, 0x01, 0x0f,
  0x2d, 0x29, 0xff, 0xff, 0x00, 0x36, 0xff, 0xf8, 0x01, 0xf3, 0x02, 0xbd,
  0x00, 0x22, 0x00, 0x5b, 0x00, 0x00, 0x00, 0x03, 0x00, 0xd4, 0x01, 0xb0,
  0x00, 0x00, 0x00, 0x02, 0x00, 0x4c, 0xff, 0x41, 0x01, 0xf6, 0x02, 0x05,
  0x00, 0x22, 0x00, 0x32, 0x00, 0x00, 0x00, 0x15, 0x14, 0x07, 0x06, 0x06,
  0x23, 0x22, 0x26, 0x27, 0x26, 0x06, 0x15, 0x15, 0x14, 0x23, 0x23, 0x22,
  0x35, 0x11, 0x34, 0x33, 0x33, 0x32, 0x15, 0x15, 0x14, 0x16, 0x37, 0x36,
  0x36, 0x33, 0x32, 0x16, 0x17, 0x06, 0x35, 0x34, 0x27, 0x26, 0x23, 0x22,
  0x07, 0x06, 0x15, 0x14, 0x17, 0x16, 0x33, 0x32, 0x37, 0x01, 0xf6, 0x10,
  0x15, 0x60, 0x4b, 0x22, 0x3d, 0x16, 0x02, 0x03, 0x0a, 0x4c, 0x0a, 0x0a,
  0x4c, 0x0a, 0x03, 0x02, 0x16, 0x3c, 0x23, 0x48, 0x5f, 0x16, 0x4e, 0x19,
  0x1d, 0x42, 0x3a, 0x1e, 0x18, 0x1a, 0x1d, 0x38, 0x3c, 0x1d, 0x01, 0x47,
  0x4a, 0x46, 0x33, 0x43, 0x49, 0x1b, 0x19, 0x02, 0x02, 0x02, 0xdf, 0x0a,
  0x0a, 0x02, 0xa8, 0x0a, 0x0a, 0x21, 0x02, 0x02, 0x02, 0x19, 0x1c, 0x47,
  0x41, 0xd2, 0x54, 0x4d, 0x2f, 0x37, 0x36, 0x2b, 0x53, 0x54, 0x2c, 0x33,
  0x30, 0x00, 0x00, 0x02, 0x00, 0x46, 0xff, 0x38, 0x01, 0xe9, 0x02, 0xbc,
  0x00, 0x22, 0x00, 0x39, 0x00, 0x00, 0x00, 0x16, 0x15, 0x14, 0x06, 0x07,
  0x06, 0x06, 0x23, 0x22, 0x27, 0x26, 0x06, 0x15, 0x15, 0x14, 0x23, 0x23,
  0x22, 0x35, 0x11, 0x34, 0x33, 0x33, 0x32, 0x15, 0x15, 0x14, 0x16, 0x37,
  0x36, 0x33, 0x32, 0x16, 0x17, 0x06, 0x36, 0x35, 0x34, 0x26, 0x27, 0x26,
  0x26, 0x23, 0x22, 0x06, 0x0f, 0x02, 0x15, 0x14, 0x17, 0x16, 0x16, 0x33,
  0x32, 0x36, 0x37, 0x01, 0xe4, 0x05, 0x04, 0x06, 0x11, 0x64, 0x42, 0x52,
  0x2b, 0x01, 0x04, 0x0a, 0x4c, 0x0a, 0x0a, 0x4c, 0x0a, 0x04, 0x01, 0x28,
  0x52, 0x44, 0x62, 0x11, 0x5b, 0x04, 0x04, 0x05, 0x09, 0x3b, 0x29, 0x29,
  0x36, 0x08, 0x01, 0x01, 0x01, 0x09, 0x36, 0x29, 0x2a, 0x3b, 0x08, 0x01,
  0x65, 0x3c, 0x2b, 0x2a, 0x36, 0x17, 0x41, 0x4e, 0x3d, 0x02, 0x02, 0x02,
  0xf1, 0x0a, 0x0a, 0x03, 0x70, 0x0a, 0x0a, 0xe5, 0x02, 0x02, 0x02, 0x3a,
  0x4b, 0x3b, 0xd0, 0x25, 0x2b, 0x2b, 0x25, 0x10, 0x25, 0x2e, 0x2d, 0x23,
  0x03, 0x02, 0xbd, 0x03, 0x01, 0x23, 0x2e, 0x2e, 0x25, 0x00, 0x00, 0x02,
  0x00, 0x38, 0xff, 0x41, 0x01, 0xe2, 0x02, 0x05, 0x00, 0x22, 0x00, 0x32,
  0x00, 0x00, 0x00, 0x33, 0x33, 0x32, 0x15, 0x11, 0x14, 0x23, 0x23, 0x22,
  0x35, 0x35, 0x34, 0x26, 0x07, 0x06, 0x06, 0x23, 0x22, 0x26, 0x27, 0x26,
  0x35, 0x34, 0x37, 0x36, 0x36, 0x33, 0x32, 0x16, 0x17, 0x16, 0x36, 0x35,
  0x35, 0x02, 0x35, 0x34, 0x27, 0x26, 0x23, 0x22, 0x07, 0x06, 0x15, 0x14,
  0x17, 0x16, 0x33, 0x32, 0x37, 0x01, 0x82, 0x0a, 0x4c, 0x0a, 0x0a, 0x4c,
  0x0a, 0x03, 0x02, 0x16, 0x3d, 0x22, 0x4b, 0x60, 0x15, 0x10, 0x13, 0x16,
  0x5f, 0x48, 0x23, 0x3c, 0x16, 0x02, 0x03, 0x02, 0x17, 0x1e, 0x3a, 0x42,
  0x1d, 0x19, 0x20, 0x1d, 0x3c, 0x38, 0x1d, 0x01, 0xfd, 0x0a, 0xfd, 0x58,
  0x0a, 0x0a, 0xdf, 0x02, 0x02, 0x02, 0x19, 0x1b, 0x49, 0x43, 0x33, 0x46,
  0x4a, 0x36, 0x41, 0x47, 0x1c, 0x19, 0x02, 0x02, 0x02, 0x21, 0xfe, 0xb6,
  0x55, 0x54, 0x2a, 0x36, 0x37, 0x2f, 0x4d, 0x54, 0x30, 0x30, 0x33, 0x00,
  0x00, 0x01, 0x00, 0x46, 0x00, 0x00, 0x01, 0x66, 0x02, 0x02, 0x00, 0x1e,
  0x00, 0x00, 0x00, 0x17, 0x16, 0x07, 0x07, 0x06, 0x27, 0x26, 0x23, 0x07,
  0x06, 0x06, 0x15, 0x11, 0x14, 0x23, 0x23, 0x22, 0x35, 0x11, 0x34, 0x33,
  0x33, 0x32, 0x15, 0x15, 0x14, 0x16, 0x37, 0x36, 0x33, 0x01, 0x45, 0x1a,
  0x07, 0x02, 0x10, 0x01, 0x0b, 0x11, 0x17, 0x0e, 0x2f, 0x3d, 0x0a, 0x4c,
  0x0a, 0x0a, 0x4c, 0x0a, 0x03, 0x01, 0x2d, 0x4e, 0x02, 0x02, 0x0d, 0x03,
  0x09, 0x4b, 0x09, 0x03, 0x07, 0x01, 0x02, 0x3d, 0x31, 0xfe, 0xdc, 0x0a,
  0x0a, 0x01, 0xe9, 0x0a, 0x0a, 0x35, 0x03, 0x01, 0x02, 0x46, 0x00, 0x01,
  0x00, 0x30, 0xff, 0xfa, 0x01, 0xbd, 0x02, 0x02, 0x00, 0x35, 0x00, 0x00,
  0x16, 0x26, 0x26, 0x35, 0x35, 0x34, 0x33, 0x33, 0x32, 0x15, 0x15, 0x14,
  0x16, 0x33, 0x32, 0x36, 0x35, 0x34, 0x26, 0x27, 0x2e, 0x02, 0x35, 0x34,
  0x36, 0x33, 0x32, 0x16, 0x16, 0x15, 0x15, 0x14, 0x23, 0x23, 0x22, 0x35,
  0x35, 0x34, 0x26, 0x23, 0x22, 0x06, 0x15, 0x14, 0x16, 0x17, 0x1e, 0x02,
  0x15, 0x14, 0x06, 0x23, 0xbd, 0x5b, 0x32, 0x0a, 0x48, 0x0a, 0x3d, 0x2f,
  0x2d, 0x38, 0x34, 0x3a, 0x39, 0x4d, 0x35, 0x69, 0x57, 0x3a, 0x59, 0x30,
  0x0a, 0x46, 0x0a, 0x39, 0x31, 0x2c, 0x37, 0x35, 0x3b, 0x3a, 0x4d, 0x36,
  0x6b, 0x59, 0x06, 0x24, 0x3f, 0x26, 0x0b, 0x0a, 0x0a, 0x05, 0x1c, 0x2a,
  0x27, 0x1e, 0x1d, 0x1d, 0x10, 0x10, 0x21, 0x3d, 0x30, 0x43, 0x4f, 0x25,
  0x42, 0x29, 0x03, 0x0a, 0x0a, 0x03, 0x1d, 0x27, 0x22, 0x1d, 0x1d, 0x1e,
  0x11, 0x10, 0x1f, 0x3d, 0x31, 0x44, 0x50, 0x00, 0x00, 0x01, 0x00, 0x47,
  0x00, 0x00, 0x01, 0xfd, 0x02, 0xc5, 0x00, 0x34, 0x00, 0x00, 0x32, 0x35,
  0x11, 0x34, 0x36, 0x33, 0x32, 0x16, 0x15, 0x14, 0x06, 0x07, 0x06, 0x17,
  0x16, 0x16, 0x15, 0x14, 0x06, 0x23, 0x23, 0x22, 0x35, 0x35, 0x34, 0x33,
  0x33, 0x32, 0x36, 0x35, 0x34, 0x26, 0x27, 0x23, 0x22, 0x35, 0x35, 0x34,
  0x33, 0x33, 0x32, 0x36, 0x35, 0x34, 0x26, 0x23, 0x22, 0x06, 0x15, 0x11,
  0x14, 0x23, 0x23, 0x47, 0x71, 0x64, 0x61, 0x77, 0x2a, 0x28, 0x05, 0x05,
  0x2a, 0x31, 0x7a, 0x6f, 0x34, 0x0a, 0x0a, 0x3d, 0x3b, 0x45, 0x40, 0x35,
  0x35, 0x0a, 0x0a, 0x35, 0x32, 0x3a, 0x3c, 0x37, 0x36, 0x44, 0x0a, 0x4c,
  0x0a, 0x01, 0xeb, 0x61, 0x6f, 0x68, 0x57, 0x32, 0x47, 0x13, 0x02, 0x03,
  0x14, 0x5c, 0x3d, 0x5f, 0x69, 0x0a, 0x3e, 0x0a, 0x43, 0x3d, 0x3a, 0x43,
  0x01, 0x0a, 0x38, 0x0a, 0x39, 0x30, 0x31, 0x3c, 0x3e, 0x37, 0xfe, 0x0d,
  0x0a, 0x00, 0x00, 0x01, 0x00, 0x20, 0xff, 0xfe, 0x01, 0x41, 0x02, 0x81,
  0x00, 0x2c, 0x00, 0x00, 0x00, 0x23, 0x23, 0x22, 0x15, 0x11, 0x14, 0x16,
  0x33, 0x33, 0x32, 0x15, 0x15, 0x14, 0x23, 0x06, 0x23, 0x22, 0x26, 0x35,
  0x11, 0x34, 0x23, 0x23, 0x22, 0x35, 0x35, 0x34, 0x33, 0x33, 0x32, 0x35,
  0x35, 0x34, 0x33, 0x33, 0x32, 0x15, 0x15, 0x14, 0x33, 0x33, 0x32, 0x15,
  0x15, 0x01, 0x41, 0x0a, 0x6c, 0x04, 0x26, 0x28, 0x1d, 0x0a, 0x0a, 0x20,
  0x0e, 0x4c, 0x4d, 0x04, 0x3d, 0x0a, 0x0a, 0x3d, 0x04, 0x0a, 0x48, 0x0a,
  0x04, 0x6c, 0x0a, 0x01, 0xae, 0x04, 0xfe, 0xf7, 0x2a, 0x25, 0x0a, 0x3e,
  0x0a, 0x02, 0x37, 0x4a, 0x01, 0x2b, 0x04, 0x0a, 0x3b, 0x0a, 0x04, 0x76,
  0x0a, 0x0a, 0x76, 0x04, 0x0a, 0x3b, 0x00, 0x01, 0x00, 0x3f, 0xff, 0xf9,
  0x01, 0xd4, 0x01, 0xfd, 0x00, 0x22, 0x00, 0x00, 0x00, 0x33, 0x33, 0x32,
  0x15, 0x11, 0x14, 0x23, 0x23, 0x22, 0x35, 0x35, 0x34, 0x26, 0x07, 0x06,
  0x23, 0x22, 0x26, 0x26, 0x35, 0x11, 0x34, 0x33, 0x33, 0x32, 0x15, 0x11,
  0x14, 0x16, 0x33, 0x32, 0x36, 0x35, 0x11, 0x01, 0x75, 0x0a, 0x4b, 0x0a,
  0x0a, 0x4b, 0x0a, 0x03, 0x02, 0x28, 0x53, 0x31, 0x53, 0x32, 0x0a, 0x4b,
  0x0a, 0x37, 0x32, 0x32, 0x3c, 0x01, 0xfd, 0x0a, 0xfe, 0x17, 0x0a, 0x0a,
  0x25, 0x02, 0x01, 0x02, 0x37, 0x26, 0x4a, 0x35, 0x01, 0x55, 0x0a, 0x0a,
  0xfe, 0xc9, 0x34, 0x3c, 0x3d, 0x33, 0x01, 0x37, 0xff, 0xff, 0x00, 0x3f,
  0xff, 0xf9, 0x01, 0xd4, 0x02, 0xbc, 0x00, 0x22, 0x00, 0x69, 0x00, 0x00,
  0x00, 0x03, 0x00, 0xd1, 0x01, 0xa8, 0x00, 0x00, 0xff, 0xff, 0x00, 0x3f,
  0xff, 0xf9, 0x01, 0xd4, 0x02, 0xbc, 0x00, 0x22, 0x00, 0x69, 0x00, 0x00,
  0x00, 0x03, 0x00, 0xd2, 0x01, 0xb7, 0x00, 0x00, 0xff, 0xff, 0x00, 0x3f,
  0xff, 0xf9, 0x01, 0xd4, 0x02, 0xd1, 0x00, 0x22, 0x00, 0x69, 0x00, 0x00,
  0x00, 0x03, 0x00, 0xce, 0x01, 0xa9, 0x00, 0x00, 0xff, 0xff, 0x00, 0x3f,
  0xff, 0xf9, 0x01, 0xd4, 0x02, 0xbc, 0x00, 0x22, 0x00, 0x69, 0x00, 0x00,
  0x00, 0x03, 0x00, 0xd0, 0x01, 0x38, 0x00, 0x00, 0x00, 0x01, 0x00, 0x1c,
  0x00, 0x00, 0x01, 0xd1, 0x01, 0xfd, 0x00, 0x16, 0x00, 0x00, 0x32, 0x27,
  0x03, 0x27, 0x34, 0x33, 0x33, 0x32, 0x17, 0x13, 0x16, 0x32, 0x37, 0x13,
  0x36, 0x33, 0x17, 0x32, 0x07, 0x03, 0x06, 0x23, 0x23, 0xc3, 0x03, 0xa3,
  0x01, 0x09, 0x54, 0x09, 0x03, 0x6e, 0x01, 0x04, 0x01, 0x6d, 0x03, 0x09,
  0x54, 0x0b, 0x03, 0xa2, 0x03, 0x09, 0x54, 0x08, 0x01, 0xea, 0x04, 0x07,
  0x08, 0xfe, 0x96, 0x02, 0x02, 0x01, 0x6a, 0x08, 0x01, 0x0b, 0xfe, 0x17,
  0x08, 0x00, 0x00, 0x01, 0x00, 0x1b, 0x00, 0x00, 0x02, 0xcb, 0x01, 0xfd,
  0x00, 0x2b, 0x00, 0x00, 0x32, 0x27, 0x03, 0x27, 0x34, 0x33, 0x33, 0x32,
  0x17, 0x13, 0x16, 0x32, 0x37, 0x13, 0x36, 0x33, 0x33, 0x32, 0x17, 0x13,
  0x16, 0x32, 0x37, 0x13, 0x36, 0x33, 0x17, 0x32, 0x16, 0x07, 0x03, 0x06,
  0x23, 0x23, 0x22, 0x27, 0x03, 0x26, 0x22, 0x07, 0x03, 0x06, 0x23, 0x23,
  0xaf, 0x03, 0x90, 0x01, 0x0a, 0x4e, 0x09, 0x02, 0x5f, 0x01, 0x03, 0x01,
  0x61, 0x02, 0x09, 0x45, 0x09, 0x02, 0x63, 0x01, 0x03, 0x01, 0x63, 0x02,
  0x09, 0x4d, 0x05, 0x05, 0x01, 0x91, 0x03, 0x08, 0x4e, 0x08, 0x03, 0x62,
  0x01, 0x03, 0x01, 0x5d, 0x02, 0x09, 0x4f, 0x08, 0x01, 0xea, 0x03, 0x08,
  0x09, 0xfe, 0x95, 0x02, 0x02, 0x01, 0x6b, 0x09, 0x09, 0xfe, 0x96, 0x02,
  0x02, 0x01, 0x6a, 0x09, 0x01, 0x06, 0x05, 0xfe, 0x17, 0x08, 0x08, 0x01,
  0x52, 0x02, 0x02, 0xfe, 0xaf, 0x09, 0x00, 0x01, 0x00, 0x18, 0x00, 0x00,
  0x01, 0xdb, 0x01, 0xfd, 0x00, 0x29, 0x00, 0x00, 0x32, 0x26, 0x37, 0x37,
  0x36, 0x2f, 0x02, 0x34, 0x33, 0x33, 0x32, 0x17, 0x17, 0x16, 0x32, 0x37,
  0x37, 0x36, 0x33, 0x33, 0x32, 0x16, 0x07, 0x07, 0x06, 0x1f, 0x02, 0x14,
  0x23, 0x23, 0x22, 0x27, 0x27, 0x26, 0x22, 0x07, 0x07, 0x06, 0x23, 0x23,
  0x1c, 0x04, 0x03, 0xa6, 0x02, 0x02, 0xa6, 0x02, 0x09, 0x51, 0x08, 0x04,
  0x75, 0x01, 0x04, 0x01, 0x74, 0x04, 0x08, 0x57, 0x06, 0x04, 0x03, 0xa6,
  0x01, 0x01, 0xa6, 0x02, 0x09, 0x52, 0x08, 0x04, 0x74, 0x01, 0x04, 0x01,
  0x75, 0x04, 0x08, 0x56, 0x07, 0x05, 0xef, 0x03, 0x03, 0xf0, 0x05, 0x07,
  0x06, 0xab, 0x01, 0x01, 0xab, 0x06, 0x07, 0x05, 0xf0, 0x03, 0x03, 0xef,
  0x05, 0x07, 0x06, 0xab, 0x02, 0x02, 0xab, 0x06, 0x00, 0x01, 0x00, 0x16,
  0xff, 0x39, 0x01, 0xc9, 0x01, 0xfd, 0x00, 0x23, 0x00, 0x00, 0x16, 0x35,
  0x35, 0x34, 0x33, 0x33, 0x3e, 0x02, 0x37, 0x36, 0x26, 0x31, 0x03, 0x27,
  0x34, 0x33, 0x33, 0x32, 0x17, 0x13, 0x16, 0x32, 0x37, 0x13, 0x36, 0x33,
  0x33, 0x32, 0x07, 0x03, 0x0e, 0x02, 0x23, 0x23, 0x30, 0x0a, 0x02, 0x28,
  0x2e, 0x1e, 0x0e, 0x01, 0x01, 0xa7, 0x01, 0x09, 0x51, 0x09, 0x03, 0x71,
  0x01, 0x04, 0x01, 0x70, 0x03, 0x09, 0x4f, 0x0b, 0x03, 0xb6, 0x17, 0x2e,
  0x4a, 0x43, 0x07, 0xc7, 0x0a, 0x3b, 0x0a, 0x01, 0x12, 0x31, 0x31, 0x01,
  0x05, 0x01, 0xef, 0x04, 0x07, 0x08, 0xfe, 0x87, 0x02, 0x02, 0x01, 0x79,
  0x08, 0x0b, 0xfd, 0xeb, 0x45, 0x43, 0x1c, 0x00, 0xff, 0xff, 0x00, 0x16,
  0xff, 0x39, 0x01, 0xc9, 0x02, 0xc2, 0x00, 0x22, 0x00, 0x71, 0x00, 0x00,
  0x00, 0x07, 0x00, 0xd1, 0x01, 0x88, 0x00, 0x06, 0xff, 0xff, 0x00, 0x16,
  0xff, 0x39, 0x01, 0xc9, 0x02, 0xd7, 0x00, 0x22, 0x00, 0x71, 0x00, 0x00,
  0x00, 0x07, 0x00, 0xce, 0x01, 0x89, 0x00, 0x06, 0x00, 0x01, 0x00, 0x1e,
  0x00, 0x00, 0x01, 0xa1, 0x01, 0xfd, 0x00, 0x1f, 0x00, 0x00, 0x32, 0x35,
  0x35, 0x34, 0x37, 0x01, 0x36, 0x26, 0x23, 0x23, 0x22, 0x35, 0x35, 0x34,
  0x33, 0x21, 0x32, 0x15, 0x15, 0x14, 0x07, 0x01, 0x06, 0x16, 0x33, 0x21,
  0x32, 0x15, 0x15, 0x14, 0x23, 0x21, 0x1e, 0x04, 0x01, 0x09, 0x02, 0x02,
  0x02, 0xfc, 0x0a, 0x0a, 0x01, 0x69, 0x0a, 0x04, 0xfe, 0xf3, 0x02, 0x02,
  0x02, 0x01, 0x06, 0x0a, 0x0a, 0xfe, 0x91, 0x0a, 0x46, 0x07, 0x05, 0x01,
  0x44, 0x02, 0x03, 0x0a, 0x44, 0x0a, 0x0a, 0x47, 0x07, 0x05, 0xfe, 0xbc,
  0x02, 0x03, 0x0a, 0x43, 0x0a, 0x00, 0x00, 0x03, 0x00, 0x13, 0x00, 0xf3,
  0x01, 0x28, 0x02, 0xc4, 0x00, 0x26, 0x00, 0x33, 0x00, 0x3f, 0x00, 0x00,
  0x13, 0x32, 0x35, 0x35, 0x34, 0x26, 0x23, 0x22, 0x06, 0x07, 0x06, 0x27,
  0x27, 0x26, 0x37, 0x36, 0x36, 0x33, 0x32, 0x16, 0x15, 0x15, 0x14, 0x23,
  0x23, 0x22, 0x35, 0x35, 0x34, 0x26, 0x07, 0x06, 0x23, 0x22, 0x26, 0x35,
  0x34, 0x36, 0x33, 0x16, 0x36, 0x35, 0x35, 0x34, 0x23, 0x23, 0x22, 0x06,
  0x15, 0x14, 0x16, 0x33, 0x06, 0x33, 0x21, 0x32, 0x15, 0x15, 0x14, 0x23,
  0x21, 0x22, 0x35, 0x35, 0xe4, 0x04, 0x27, 0x24, 0x1b, 0x26, 0x05, 0x03,
  0x09, 0x23, 0x0b, 0x02, 0x06, 0x45, 0x33, 0x3c, 0x47, 0x0a, 0x24, 0x0a,
  0x03, 0x02, 0x20, 0x3f, 0x32, 0x3e, 0x4a, 0x3f, 0x17, 0x34, 0x04, 0x40,
  0x29, 0x2f, 0x23, 0x1f, 0x7b, 0x0a, 0x01, 0x01, 0x0a, 0x0a, 0xfe, 0xff,
  0x0a, 0x02, 0x35, 0x04, 0x14, 0x1f, 0x28, 0x17, 0x13, 0x09, 0x01, 0x03,
  0x02, 0x09, 0x25, 0x2f, 0x3e, 0x32, 0xdb, 0x0a, 0x0a, 0x12, 0x02, 0x01,
  0x02, 0x23, 0x31, 0x2e, 0x32, 0x3b, 0x9e, 0x27, 0x1f, 0x27, 0x04, 0x1d,
  0x1e, 0x1b, 0x1b, 0x64, 0x0a, 0x2c, 0x0a, 0x0a, 0x2c, 0x00, 0x00, 0x03,
  0x00, 0x1c, 0x00, 0xf3, 0x01, 0x4b, 0x02, 0xc4, 0x00, 0x13, 0x00, 0x27,
  0x00, 0x33, 0x00, 0x00, 0x12, 0x26, 0x27, 0x26, 0x35, 0x34, 0x37, 0x36,
  0x36, 0x33, 0x32, 0x16, 0x17, 0x16, 0x15, 0x14, 0x07, 0x06, 0x06, 0x23,
  0x36, 0x36, 0x37, 0x36, 0x35, 0x34, 0x27, 0x26, 0x26, 0x23, 0x22, 0x06,
  0x07, 0x06, 0x15, 0x14, 0x17, 0x16, 0x16, 0x33, 0x06, 0x35, 0x35, 0x34,
  0x33, 0x21, 0x32, 0x15, 0x15, 0x14, 0x23, 0x21, 0x84, 0x42, 0x11, 0x0c,
  0x0b, 0x0f, 0x44, 0x30, 0x2d, 0x42, 0x10, 0x0b, 0x0b, 0x0f, 0x44, 0x2d,
  0x18, 0x26, 0x07, 0x08, 0x07, 0x08, 0x26, 0x19, 0x19, 0x24, 0x08, 0x08,
  0x08, 0x07, 0x25, 0x1a, 0x96, 0x0a, 0x01, 0x1b, 0x0a, 0x0a, 0xfe, 0xe5,
  0x01, 0x6f, 0x31, 0x2c, 0x20, 0x2e, 0x2f, 0x1f, 0x2c, 0x30, 0x30, 0x2b,
  0x1e, 0x30, 0x2f, 0x20, 0x2c, 0x31, 0x36, 0x1e, 0x19, 0x1b, 0x23, 0x28,
  0x15, 0x1a, 0x1d, 0x1d, 0x1a, 0x18, 0x25, 0x20, 0x1e, 0x19, 0x1e, 0xb2,
  0x0a, 0x2e, 0x0a, 0x0a, 0x2e, 0x0a, 0x00, 0x02, 0x00, 0x3e, 0xff, 0xf6,
  0x01, 0xf8, 0x02, 0xc5, 0x00, 0x0d, 0x00, 0x1b, 0x00, 0x00, 0x16, 0x26,
  0x35, 0x11, 0x34, 0x36, 0x33, 0x32, 0x16, 0x15, 0x11, 0x14, 0x06, 0x23,
  0x36, 0x36, 0x35, 0x11, 0x34, 0x26, 0x23, 0x22, 0x06, 0x15, 0x11, 0x14,
  0x16, 0x33, 0xb5, 0x77, 0x77, 0x65, 0x65, 0x79, 0x79, 0x65, 0x3a, 0x44,
  0x44, 0x3a, 0x38, 0x44, 0x44, 0x38, 0x0a, 0x73, 0x61, 0x01, 0x28, 0x61,
  0x72, 0x72, 0x61, 0xfe, 0xd8, 0x61, 0x73, 0x53, 0x43, 0x38, 0x01, 0x32,
  0x38, 0x43, 0x43, 0x38, 0xfe, 0xce, 0x38, 0x43, 0x00, 0x01, 0x00, 0x32,
  0x00, 0x00, 0x01, 0x10, 0x02, 0xbc, 0x00, 0x17, 0x00, 0x00, 0x12, 0x33,
  0x33, 0x32, 0x15, 0x11, 0x14, 0x23, 0x23, 0x22, 0x35, 0x11, 0x34, 0x26,
  0x07, 0x07, 0x06, 0x23, 0x22, 0x27, 0x27, 0x34, 0x37, 0x37, 0xb0, 0x07,
  0x4f, 0x0a, 0x0a, 0x4c, 0x0a, 0x03, 0x02, 0x69, 0x02, 0x03, 0x06, 0x01,
  0x04, 0x06, 0x72, 0x02, 0xbc, 0x0a, 0xfd, 0x58, 0x0a, 0x0a, 0x02, 0x4b,
  0x02, 0x02, 0x01, 0x24, 0x01, 0x08, 0x39, 0x0a, 0x02, 0x39, 0x00, 0x01,
  0x00, 0x34, 0x00, 0x00, 0x01, 0xed, 0x02, 0xc4, 0x00, 0x2d, 0x00, 0x00,
  0x36, 0x16, 0x33, 0x21, 0x32, 0x15, 0x15, 0x14, 0x23, 0x21, 0x22, 0x35,
  0x35, 0x34, 0x37, 0x36, 0x37, 0x37, 0x36, 0x35, 0x34, 0x26, 0x23, 0x22,
  0x06, 0x17, 0x15, 0x14, 0x23, 0x23, 0x22, 0x35, 0x35, 0x3e, 0x02, 0x33,
  0x32, 0x16, 0x16, 0x15, 0x14, 0x07, 0x06, 0x06, 0x07, 0xb2, 0x02, 0x02,
  0x01, 0x2d, 0x0a, 0x0a, 0xfe, 0x5d, 0x0a, 0x05, 0x22, 0x7a, 0x45, 0x5d,
  0x3f, 0x34, 0x34, 0x3e, 0x01, 0x0a, 0x4d, 0x0a, 0x02, 0x37, 0x5e, 0x3b,
  0x40, 0x60, 0x34, 0x5a, 0x28, 0x6e, 0x37, 0x56, 0x03, 0x0a, 0x3f, 0x0a,
  0x0a, 0x3d, 0x07, 0x05, 0x27, 0x90, 0x53, 0x6f, 0x3d, 0x2f, 0x39, 0x3a,
  0x2f, 0x1e, 0x0a, 0x0a, 0x2b, 0x34, 0x50, 0x2b, 0x30, 0x54, 0x35, 0x53,
  0x71, 0x33, 0x7f, 0x3d, 0x00, 0x01, 0x00, 0x2c, 0xff, 0xf8, 0x01, 0xd3,
  0x02, 0xbc, 0x00, 0x3e, 0x00, 0x00, 0x00, 0x15, 0x14, 0x07, 0x06, 0x06,
  0x23, 0x22, 0x26, 0x27, 0x26, 0x27, 0x34, 0x33, 0x33, 0x32, 0x15, 0x16,
  0x17, 0x16, 0x16, 0x33, 0x32, 0x37, 0x36, 0x35, 0x34, 0x27, 0x26, 0x23,
  0x22, 0x07, 0x06, 0x23, 0x22, 0x27, 0x27, 0x26, 0x35, 0x34, 0x37, 0x37,
  0x36, 0x23, 0x21, 0x22, 0x35, 0x35, 0x34, 0x33, 0x21, 0x32, 0x15, 0x15,
  0x14, 0x07, 0x07, 0x06, 0x16, 0x17, 0x16, 0x16, 0x17, 0x01, 0xd3, 0x10,
  0x16, 0x66, 0x48, 0x48, 0x69, 0x15, 0x0b, 0x02, 0x0a, 0x4d, 0x0a, 0x02,
  0x06, 0x0a, 0x37, 0x29, 0x4c, 0x1a, 0x0d, 0x10, 0x1c, 0x48, 0x11, 0x1a,
  0x04, 0x02, 0x05, 0x03, 0x26, 0x02, 0x03, 0xab, 0x03, 0x05, 0xfe, 0xf6,
  0x0a, 0x0a, 0x01, 0x84, 0x0a, 0x05, 0x98, 0x02, 0x02, 0x03, 0x33, 0x46,
  0x13, 0x01, 0x1b, 0x40, 0x35, 0x2d, 0x3e, 0x43, 0x4a, 0x3f, 0x1c, 0x34,
  0x0a, 0x0a, 0x24, 0x11, 0x25, 0x2c, 0x45, 0x1e, 0x30, 0x33, 0x28, 0x3e,
  0x0f, 0x02, 0x05, 0x34, 0x04, 0x03, 0x03, 0x04, 0xb7, 0x05, 0x0a, 0x3f,
  0x0a, 0x0a, 0x48, 0x05, 0x07, 0xa6, 0x02, 0x03, 0x01, 0x05, 0x35, 0x2c,
  0x00, 0x01, 0x00, 0x2b, 0x00, 0x00, 0x02, 0x02, 0x02, 0xbc, 0x00, 0x2e,
  0x00, 0x00, 0x00, 0x15, 0x15, 0x14, 0x23, 0x23, 0x22, 0x15, 0x15, 0x14,
  0x23, 0x23, 0x22, 0x35, 0x35, 0x34, 0x23, 0x21, 0x22, 0x35, 0x35, 0x34,
  0x37, 0x13, 0x36, 0x33, 0x33, 0x32, 0x16, 0x07, 0x03, 0x06, 0x16, 0x33,
  0x33, 0x32, 0x35, 0x35, 0x34, 0x33, 0x33, 0x32, 0x15, 0x15, 0x14, 0x33,
  0x33, 0x02, 0x02, 0x0a, 0x2b, 0x04, 0x0a, 0x4c, 0x0a, 0x04, 0xfe, 0xd0,
  0x0a, 0x03, 0xc5, 0x03, 0x08, 0x50, 0x05, 0x05, 0x02, 0xbc, 0x01, 0x02,
  0x02, 0xc8, 0x04, 0x0a, 0x4c, 0x0a, 0x04, 0x2b, 0x01, 0x12, 0x0a, 0x42,
  0x0a, 0x04, 0xae, 0x0a, 0x0a, 0xae, 0x04, 0x0a, 0x36, 0x05, 0x07, 0x01,
  0xad, 0x07, 0x07, 0x05, 0xfe, 0x67, 0x02, 0x03, 0x04, 0x95, 0x0a, 0x0a,
  0x95, 0x04, 0x00, 0x01, 0x00, 0x3a, 0xff, 0xf9, 0x01, 0xdf, 0x02, 0xbc,
  0x00, 0x3d, 0x00, 0x00, 0x00, 0x15, 0x14, 0x07, 0x06, 0x06, 0x23, 0x22,
  0x26, 0x27, 0x26, 0x27, 0x35, 0x34, 0x33, 0x33, 0x32, 0x17, 0x16, 0x17,
  0x16, 0x16, 0x33, 0x32, 0x36, 0x37, 0x36, 0x35, 0x34, 0x27, 0x26, 0x26,
  0x23, 0x22, 0x06, 0x07, 0x06, 0x23, 0x23, 0x22, 0x35, 0x11, 0x34, 0x33,
  0x21, 0x32, 0x15, 0x15, 0x14, 0x23, 0x21, 0x22, 0x15, 0x07, 0x14, 0x37,
  0x36, 0x36, 0x33, 0x32, 0x16, 0x17, 0x01, 0xdf, 0x0c, 0x13, 0x6b, 0x4a,
  0x49, 0x68, 0x15, 0x0a, 0x01, 0x09, 0x4f, 0x09, 0x01, 0x01, 0x04, 0x0b,
  0x37, 0x27, 0x29, 0x39, 0x0a, 0x07, 0x06, 0x07, 0x39, 0x2a, 0x27, 0x3e,
  0x09, 0x03, 0x08, 0x50, 0x0a, 0x0a, 0x01, 0x76, 0x0a, 0x0a, 0xfe, 0xe4,
  0x04, 0x01, 0x05, 0x18, 0x3f, 0x23, 0x46, 0x65, 0x11, 0x01, 0x0a, 0x2f,
  0x2f, 0x28, 0x40, 0x4b, 0x48, 0x3e, 0x1c, 0x15, 0x02, 0x08, 0x09, 0x07,
  0x0e, 0x25, 0x2b, 0x2d, 0x28, 0x15, 0x25, 0x21, 0x1c, 0x26, 0x29, 0x23,
  0x1d, 0x09, 0x0a, 0x01, 0x8a, 0x0a, 0x0a, 0x3f, 0x0a, 0x04, 0xd1, 0x06,
  0x03, 0x15, 0x15, 0x46, 0x3f, 0x00, 0x00, 0x02, 0x00, 0x39, 0xff, 0xf9,
  0x01, 0xdf, 0x02, 0xc4, 0x00, 0x28, 0x00, 0x3a, 0x00, 0x00, 0x00, 0x15,
  0x14, 0x07, 0x06, 0x06, 0x23, 0x22, 0x26, 0x27, 0x26, 0x35, 0x11, 0x34,
  0x36, 0x33, 0x32, 0x16, 0x16, 0x15, 0x15, 0x14, 0x23, 0x23, 0x22, 0x35,
  0x35, 0x34, 0x26, 0x23, 0x22, 0x06, 0x15, 0x15, 0x14, 0x16, 0x37, 0x36,
  0x33, 0x32, 0x17, 0x06, 0x35, 0x34, 0x27, 0x26, 0x23, 0x22, 0x06, 0x07,
  0x06, 0x15, 0x14, 0x17, 0x16, 0x16, 0x33, 0x32, 0x37, 0x01, 0xdf, 0x14,
  0x17, 0x61, 0x45, 0x4a, 0x67, 0x15, 0x0f, 0x72, 0x5c, 0x3b, 0x5b, 0x32,
  0x0a, 0x4c, 0x0a, 0x3a, 0x2e, 0x31, 0x3d, 0x03, 0x02, 0x2b, 0x52, 0x76,
  0x32, 0x44, 0x12, 0x1d, 0x45, 0x23, 0x32, 0x0d, 0x10, 0x0d, 0x0d, 0x34,
  0x25, 0x49, 0x1b, 0x01, 0x24, 0x4a, 0x3d, 0x2e, 0x39, 0x3d, 0x44, 0x3e,
  0x2a, 0x37, 0x01, 0x34, 0x52, 0x62, 0x2c, 0x4f, 0x33, 0x14, 0x0a, 0x0a,
  0x09, 0x2d, 0x38, 0x3a, 0x30, 0x7e, 0x02, 0x01, 0x02, 0x30, 0x5e, 0xac,
  0x2d, 0x33, 0x1f, 0x3a, 0x1f, 0x1d, 0x21, 0x34, 0x2a, 0x1d, 0x20, 0x21,
  0x40, 0x00, 0x00, 0x01, 0x00, 0x1f, 0x00, 0x00, 0x01, 0xce, 0x02, 0xbc,
  0x00, 0x1c, 0x00, 0x00, 0x32, 0x26, 0x37, 0x13, 0x36, 0x26, 0x23, 0x23,
  0x22, 0x15, 0x15, 0x14, 0x23, 0x23, 0x22, 0x35, 0x35, 0x34, 0x33, 0x21,
  0x32, 0x15, 0x15, 0x14, 0x07, 0x03, 0x06, 0x23, 0x23, 0x87, 0x05, 0x02,
  0xe3, 0x01, 0x02, 0x02, 0xf1, 0x04, 0x0a, 0x3c, 0x0a, 0x0a, 0x01, 0x9b,
  0x0a, 0x02, 0xe2, 0x03, 0x08, 0x53, 0x07, 0x05, 0x02, 0x58, 0x02, 0x03,
  0x04, 0x2f, 0x0a, 0x0a, 0x7c, 0x0a, 0x0a, 0x43, 0x04, 0x08, 0xfd, 0xa5,
  0x08, 0x00, 0x00, 0x03, 0x00, 0x32, 0xff, 0xf8, 0x01, 0xdb, 0x02, 0xc7,
  0x00, 0x27, 0x00, 0x39, 0x00, 0x49, 0x00, 0x00, 0x00, 0x15, 0x14, 0x07,
  0x06, 0x06, 0x23, 0x22, 0x26, 0x27, 0x26, 0x35, 0x34, 0x37, 0x36, 0x37,
  0x36, 0x27, 0x26, 0x27, 0x26, 0x35, 0x34, 0x37, 0x36, 0x36, 0x33, 0x32,
  0x16, 0x17, 0x16, 0x15, 0x14, 0x07, 0x06, 0x07, 0x06, 0x17, 0x16, 0x17,
  0x24, 0x15, 0x14, 0x17, 0x16, 0x33, 0x32, 0x37, 0x36, 0x35, 0x34, 0x27,
  0x26, 0x26, 0x23, 0x22, 0x06, 0x07, 0x12, 0x35, 0x34, 0x27, 0x26, 0x23,
  0x22, 0x07, 0x06, 0x15, 0x14, 0x17, 0x16, 0x33, 0x32, 0x37, 0x01, 0xdb,
  0x1c, 0x18, 0x5f, 0x40, 0x40, 0x62, 0x19, 0x1b, 0x16, 0x16, 0x2b, 0x05,
  0x05, 0x20, 0x10, 0x1c, 0x22, 0x19, 0x59, 0x37, 0x38, 0x56, 0x19, 0x21,
  0x1c, 0x12, 0x1d, 0x05, 0x05, 0x2a, 0x17, 0xfe, 0xd6, 0x13, 0x1b, 0x3d,
  0x3c, 0x1d, 0x11, 0x0d, 0x0d, 0x30, 0x21, 0x1f, 0x30, 0x0d, 0xd0, 0x11,
  0x1c, 0x46, 0x44, 0x1c, 0x13, 0x15, 0x1d, 0x42, 0x3e, 0x1d, 0x01, 0x01,
  0x3a, 0x40, 0x30, 0x2d, 0x32, 0x33, 0x30, 0x2f, 0x3e, 0x37, 0x2e, 0x2e,
  0x17, 0x02, 0x03, 0x18, 0x1a, 0x2a, 0x36, 0x3b, 0x31, 0x26, 0x2c, 0x2c,
  0x26, 0x31, 0x3b, 0x36, 0x2c, 0x1c, 0x14, 0x03, 0x02, 0x17, 0x30, 0xf7,
  0x19, 0x28, 0x1b, 0x2d, 0x2e, 0x18, 0x2b, 0x1c, 0x17, 0x19, 0x1e, 0x1e,
  0x1a, 0xfe, 0x5d, 0x36, 0x30, 0x1f, 0x34, 0x31, 0x20, 0x33, 0x32, 0x20,
  0x30, 0x2d, 0x00, 0x02, 0x00, 0x2e, 0xff, 0xf8, 0x01, 0xd4, 0x02, 0xc3,
  0x00, 0x29, 0x00, 0x3b, 0x00, 0x00, 0x00, 0x15, 0x11, 0x14, 0x06, 0x23,
  0x22, 0x26, 0x26, 0x35, 0x35, 0x34, 0x33, 0x33, 0x32, 0x15, 0x15, 0x14,
  0x16, 0x33, 0x32, 0x36, 0x35, 0x35, 0x34, 0x26, 0x07, 0x06, 0x23, 0x22,
  0x26, 0x27, 0x26, 0x35, 0x34, 0x37, 0x36, 0x36, 0x33, 0x32, 0x16, 0x17,
  0x06, 0x35, 0x34, 0x27, 0x26, 0x26, 0x23, 0x22, 0x06, 0x07, 0x06, 0x15,
  0x14, 0x17, 0x16, 0x33, 0x32, 0x37, 0x01, 0xd4, 0x72, 0x5c, 0x3b, 0x5b,
  0x32, 0x0a, 0x4c, 0x0a, 0x3a, 0x2e, 0x30, 0x3e, 0x03, 0x02, 0x2b, 0x52,
  0x3b, 0x55, 0x18, 0x1c, 0x13, 0x17, 0x62, 0x45, 0x4a, 0x66, 0x16, 0x51,
  0x0d, 0x0d, 0x34, 0x25, 0x25, 0x33, 0x0c, 0x0f, 0x11, 0x1f, 0x43, 0x47,
  0x1c, 0x02, 0x17, 0x37, 0xfe, 0xcc, 0x52, 0x62, 0x2c, 0x4f, 0x33, 0x14,
  0x0a, 0x0a, 0x09, 0x2d, 0x38, 0x3a, 0x30, 0x7e, 0x02, 0x02, 0x02, 0x31,
  0x30, 0x2e, 0x35, 0x4a, 0x3c, 0x2f, 0x39, 0x3d, 0x44, 0x3e, 0x8e, 0x34,
  0x2a, 0x1d, 0x20, 0x21, 0x21, 0x1f, 0x1f, 0x2e, 0x32, 0x20, 0x3a, 0x3c,
  0x00, 0x01, 0x00, 0x17, 0x00, 0x00, 0x00, 0x93, 0x01, 0xa4, 0x00, 0x16,
  0x00, 0x00, 0x12, 0x33, 0x33, 0x32, 0x15, 0x11, 0x14, 0x23, 0x23, 0x22,
  0x35, 0x11, 0x34, 0x23, 0x07, 0x23, 0x22, 0x26, 0x35, 0x35, 0x34, 0x37,
  0x37, 0x51, 0x07, 0x31, 0x0a, 0x0a, 0x2d, 0x0a, 0x04, 0x2c, 0x02, 0x04,
  0x05, 0x08, 0x2d, 0x01, 0xa4, 0x0a, 0xfe, 0x70, 0x0a, 0x0a, 0x01, 0x5b,
  0x03, 0x06, 0x05, 0x04, 0x1c, 0x09, 0x03, 0x0f, 0x00, 0x01, 0x00, 0x20,
  0x00, 0x00, 0x01, 0x2f, 0x01, 0xa9, 0x00, 0x2a, 0x00, 0x00, 0x32, 0x35,
  0x35, 0x34, 0x37, 0x36, 0x37, 0x37, 0x36, 0x35, 0x34, 0x26, 0x23, 0x22,
  0x06, 0x15, 0x15, 0x14, 0x23, 0x23, 0x22, 0x35, 0x35, 0x36, 0x36, 0x33,
  0x32, 0x16, 0x15, 0x14, 0x07, 0x06, 0x07, 0x06, 0x16, 0x33, 0x33, 0x32,
  0x15, 0x15, 0x14, 0x23, 0x23, 0x22, 0x05, 0x35, 0x38, 0x18, 0x37, 0x24,
  0x1d, 0x1d, 0x23, 0x0a, 0x2e, 0x0a, 0x02, 0x49, 0x37, 0x3b, 0x47, 0x34,
  0x30, 0x44, 0x01, 0x02, 0x02, 0xa6, 0x0a, 0x0a, 0xf9, 0x0a, 0x27, 0x07,
  0x05, 0x39, 0x42, 0x1b, 0x41, 0x23, 0x1a, 0x1f, 0x20, 0x1b, 0x0d, 0x0a,
  0x0a, 0x17, 0x30, 0x3a, 0x40, 0x31, 0x32, 0x42, 0x3c, 0x4b, 0x02, 0x03,
  0x0a, 0x24, 0x0a, 0x00, 0x00, 0x01, 0x00, 0x1f, 0xff, 0xf9, 0x01, 0x23,
  0x01, 0xa2, 0x00, 0x3e, 0x00, 0x00, 0x24, 0x15, 0x14, 0x07, 0x06, 0x06,
  0x23, 0x22, 0x26, 0x27, 0x26, 0x27, 0x34, 0x33, 0x33, 0x32, 0x15, 0x17,
  0x16, 0x17, 0x16, 0x16, 0x33, 0x32, 0x37, 0x36, 0x35, 0x34, 0x27, 0x26,
  0x23, 0x22, 0x07, 0x06, 0x23, 0x22, 0x27, 0x27, 0x26, 0x35, 0x34, 0x37,
  0x37, 0x36, 0x26, 0x23, 0x23, 0x22, 0x35, 0x35, 0x34, 0x33, 0x33, 0x32,
  0x15, 0x15, 0x14, 0x07, 0x07, 0x06, 0x17, 0x16, 0x17, 0x01, 0x23, 0x0e,
  0x0e, 0x3d, 0x29, 0x2c, 0x40, 0x0e, 0x06, 0x02, 0x0a, 0x2e, 0x0a, 0x03,
  0x01, 0x03, 0x06, 0x1e, 0x15, 0x26, 0x0f, 0x0c, 0x0d, 0x0f, 0x26, 0x0a,
  0x0c, 0x02, 0x03, 0x05, 0x04, 0x15, 0x03, 0x04, 0x61, 0x02, 0x02, 0x02,
  0x98, 0x0a, 0x0a, 0xe6, 0x0a, 0x05, 0x55, 0x03, 0x06, 0x35, 0x18, 0xad,
  0x2a, 0x27, 0x1e, 0x21, 0x24, 0x2e, 0x26, 0x11, 0x1b, 0x0a, 0x0a, 0x15,
  0x07, 0x05, 0x11, 0x15, 0x1f, 0x15, 0x1f, 0x23, 0x16, 0x1e, 0x06, 0x01,
  0x04, 0x1b, 0x03, 0x03, 0x04, 0x04, 0x63, 0x02, 0x03, 0x0a, 0x24, 0x0a,
  0x0a, 0x27, 0x05, 0x07, 0x5c, 0x03, 0x02, 0x07, 0x31, 0x00, 0x00, 0x01,
  0x00, 0x18, 0x00, 0x00, 0x01, 0x3c, 0x01, 0xa4, 0x00, 0x2e, 0x00, 0x00,
  0x24, 0x15, 0x15, 0x14, 0x23, 0x23, 0x22, 0x15, 0x15, 0x14, 0x23, 0x23,
  0x22, 0x35, 0x35, 0x34, 0x23, 0x23, 0x22, 0x35, 0x35, 0x34, 0x37, 0x37,
  0x36, 0x33, 0x33, 0x32, 0x16, 0x07, 0x07, 0x06, 0x16, 0x33, 0x33, 0x32,
  0x35, 0x35, 0x34, 0x33, 0x33, 0x32, 0x15, 0x15, 0x14, 0x33, 0x33, 0x01,
  0x3c, 0x0a, 0x14, 0x04, 0x0a, 0x2e, 0x0a, 0x04, 0xb2, 0x0a, 0x03, 0x71,
  0x03, 0x08, 0x2f, 0x05, 0x05, 0x02, 0x6a, 0x01, 0x02, 0x02, 0x6d, 0x04,
  0x0a, 0x2e, 0x0a, 0x04, 0x14, 0xa9, 0x0a, 0x27, 0x0a, 0x04, 0x60, 0x0a,
  0x0a, 0x60, 0x04, 0x0a, 0x21, 0x05, 0x07, 0xf7, 0x08, 0x07, 0x05, 0xea,
  0x02, 0x03, 0x04, 0x51, 0x0a, 0x0a, 0x51, 0x04, 0xff, 0xff, 0x00, 0x17,
  0x01, 0x18, 0x00, 0x93, 0x02, 0xbc, 0x00, 0x07, 0x00, 0x81, 0x00, 0x00,
  0x01, 0x18, 0xff, 0xff, 0x00, 0x1f, 0x01, 0x18, 0x01, 0x23, 0x02, 0xc1,
  0x00, 0x07, 0x00, 0x83, 0x00, 0x00, 0x01, 0x1f, 0xff, 0xff, 0x00, 0x17,
  0x01, 0xb1, 0x00, 0x93, 0x03, 0x55, 0x00, 0x07, 0x00, 0x81, 0x00, 0x00,
  0x01, 0xb1, 0xff, 0xff, 0x00, 0x20, 0x01, 0xb1, 0x01, 0x2f, 0x03, 0x5a,
  0x00, 0x07, 0x00, 0x82, 0x00, 0x00, 0x01, 0xb1, 0xff, 0xff, 0x00, 0x1f,
  0x01, 0xaa, 0x01, 0x23, 0x03, 0x53, 0x00, 0x07, 0x00, 0x83, 0x00, 0x00,
  0x01, 0xb1, 0x00, 0x01, 0xff, 0x84, 0x00, 0x00, 0x01, 0x70, 0x02, 0xbc,
  0x00, 0x0d, 0x00, 0x00, 0x22, 0x26, 0x37, 0x01, 0x36, 0x33, 0x33, 0x32,
  0x16, 0x07, 0x01, 0x06, 0x23, 0x23, 0x78, 0x04, 0x03, 0x01, 0xa1, 0x05,
  0x07, 0x32, 0x06, 0x04, 0x03, 0xfe, 0x60, 0x05, 0x07, 0x33, 0x07, 0x05,
  0x02, 0xa9, 0x07, 0x07, 0x05, 0xfd, 0x57, 0x07, 0xff, 0xff, 0x00, 0x17,
  0x00, 0x00, 0x02, 0xf8, 0x02, 0xbc, 0x00, 0x22, 0x00, 0x85, 0x00, 0x00,
  0x00, 0x23, 0x00, 0x8a, 0x00, 0xe2, 0x00, 0x00, 0x00, 0x03, 0x00, 0x82,
  0x01, 0xc9, 0x00, 0x00, 0xff, 0xff, 0x00, 0x17, 0x00, 0x00, 0x03, 0x05,
  0x02, 0xbc, 0x00, 0x22, 0x00, 0x85, 0x00, 0x00, 0x00, 0x23, 0x00, 0x8a,
  0x00, 0xe2, 0x00, 0x00, 0x00, 0x03, 0x00, 0x84, 0x01, 0xc9, 0x00, 0x00,
  0xff, 0xff, 0x00, 0x1f, 0x00, 0x00, 0x03, 0x65, 0x02, 0xc1, 0x00, 0x22,
  0x00, 0x86, 0x00, 0x00, 0x00, 0x23, 0x00, 0x8a, 0x01, 0x43, 0x00, 0x00,
  0x00, 0x03, 0x00, 0x84, 0x02, 0x29, 0x00, 0x00, 0xff, 0xff, 0x00, 0x47,
  0x00, 0x00, 0x00, 0xc7, 0x00, 0x80, 0x00, 0x07, 0x00, 0xcf, 0x00, 0xcd,
  0xfd, 0xb3, 0x00, 0x01, 0x00, 0x39, 0xff, 0xaa, 0x00, 0xb9, 0x00, 0x9c,
  0x00, 0x0d, 0x00, 0x00, 0x16, 0x26, 0x37, 0x37, 0x36, 0x33, 0x33, 0x32,
  0x16, 0x07, 0x07, 0x06, 0x23, 0x23, 0x3e, 0x05, 0x01, 0x28, 0x02, 0x09,
  0x42, 0x05, 0x05, 0x01, 0x3b, 0x02, 0x09, 0x2f, 0x56, 0x06, 0x05, 0xde,
  0x09, 0x06, 0x05, 0xde, 0x09, 0x00, 0xff, 0xff, 0x00, 0x6c, 0x00, 0x0b,
  0x00, 0xec, 0x01, 0xd8, 0x00, 0x27, 0x00, 0xcf, 0x00, 0xf2, 0xff, 0x0b,
  0x00, 0x07, 0x00, 0xcf, 0x00, 0xf2, 0xfd, 0xbe, 0x00, 0x02, 0x00, 0x56,
  0xff, 0xad, 0x00, 0xe8, 0x01, 0xd9, 0x00, 0x0b, 0x00, 0x18, 0x00, 0x00,
  0x12, 0x26, 0x35, 0x34, 0x36, 0x33, 0x32, 0x16, 0x15, 0x14, 0x06, 0x23,
  0x02, 0x26, 0x37, 0x37, 0x36, 0x33, 0x33, 0x32, 0x07, 0x07, 0x06, 0x23,
  0x23, 0x7f, 0x29, 0x2c, 0x1c, 0x1d, 0x2d, 0x2b, 0x1f, 0x3e, 0x06, 0x01,
  0x1b, 0x01, 0x09, 0x44, 0x0b, 0x02, 0x2f, 0x01, 0x0a, 0x2e, 0x01, 0x4f,
  0x28, 0x1d, 0x1c, 0x29, 0x29, 0x1c, 0x1d, 0x28, 0xfe, 0x5e, 0x07, 0x04,
  0xd8, 0x09, 0x0b, 0xd8, 0x09, 0x00, 0xff, 0xff, 0x00, 0x47, 0x00, 0x00,
  0x02, 0xe3, 0x00, 0x80, 0x00, 0x22, 0x00, 0x8e, 0x00, 0x00, 0x00, 0x23,
  0x00, 0x8e, 0x01, 0x10, 0x00, 0x00, 0x00, 0x03, 0x00, 0x8e, 0x02, 0x1c,
  0x00, 0x00, 0x00, 0x02, 0x00, 0x61, 0x00, 0x03, 0x00, 0xe1, 0x02, 0xbc,
  0x00, 0x0b, 0x00, 0x17, 0x00, 0x00, 0x36, 0x35, 0x03, 0x34, 0x33, 0x33,
  0x32, 0x15, 0x03, 0x14, 0x23, 0x23, 0x06, 0x26, 0x35, 0x34, 0x36, 0x33,
  0x32, 0x16, 0x15, 0x14, 0x06, 0x23, 0x7e, 0x09, 0x0a, 0x4c, 0x0a, 0x08,
  0x0a, 0x3b, 0x03, 0x24, 0x24, 0x1c, 0x1c, 0x24, 0x24, 0x1c, 0xe8, 0x0a,
  0x01, 0xc0, 0x0a, 0x0a, 0xfe, 0x40, 0x0a, 0xe5, 0x24, 0x1c, 0x1c, 0x24,
  0x24, 0x1c, 0x1c, 0x24, 0x00, 0x02, 0x00, 0x61, 0x00, 0x0b, 0x00, 0xe1,
  0x02, 0xc4, 0x00, 0x0b, 0x00, 0x17, 0x00, 0x00, 0x12, 0x16, 0x15, 0x14,
  0x06, 0x23, 0x22, 0x26, 0x35, 0x34, 0x36, 0x33, 0x06, 0x33, 0x33, 0x32,
  0x15, 0x13, 0x14, 0x23, 0x23, 0x22, 0x35, 0x13, 0xbd, 0x24, 0x24, 0x1c,
  0x1c, 0x24, 0x24, 0x1c, 0x23, 0x0a, 0x3b, 0x0a, 0x08, 0x0a, 0x4c, 0x0a,
  0x09, 0x02, 0xc4, 0x24, 0x1c, 0x1c, 0x24, 0x24, 0x1c, 0x1c, 0x24, 0xe6,
  0x0a, 0xfe, 0x41, 0x0a, 0x0a, 0x01, 0xbf, 0x00, 0x00, 0x02, 0x00, 0x24,
  0x00, 0x01, 0x01, 0xbd, 0x02, 0xc5, 0x00, 0x27, 0x00, 0x33, 0x00, 0x00,
  0x36, 0x35, 0x35, 0x34, 0x36, 0x37, 0x36, 0x36, 0x35, 0x34, 0x26, 0x23,
  0x22, 0x06, 0x15, 0x15, 0x14, 0x23, 0x27, 0x22, 0x35, 0x35, 0x34, 0x36,
  0x36, 0x33, 0x32, 0x16, 0x15, 0x14, 0x06, 0x06, 0x07, 0x06, 0x06, 0x15,
  0x15, 0x14, 0x23, 0x23, 0x16, 0x26, 0x35, 0x34, 0x36, 0x33, 0x32, 0x16,
  0x15, 0x14, 0x06, 0x23, 0xaf, 0x2e, 0x2c, 0x29, 0x2a, 0x3b, 0x30, 0x31,
  0x3c, 0x0a, 0x4c, 0x0a, 0x34, 0x5f, 0x3d, 0x5b, 0x6e, 0x1e, 0x2a, 0x21,
  0x23, 0x21, 0x0a, 0x4d, 0x08, 0x24, 0x24, 0x1c, 0x1c, 0x24, 0x24, 0x1c,
  0xd0, 0x0a, 0x32, 0x2d, 0x3a, 0x21, 0x1f, 0x32, 0x27, 0x2d, 0x35, 0x37,
  0x2d, 0x1a, 0x0a, 0x04, 0x0a, 0x16, 0x37, 0x55, 0x2f, 0x64, 0x52, 0x2c,
  0x40, 0x29, 0x18, 0x1a, 0x26, 0x1b, 0x2d, 0x0a, 0xcf, 0x24, 0x1c, 0x1c,
  0x24, 0x24, 0x1c, 0x1c, 0x24, 0x00, 0x00, 0x02, 0x00, 0x26, 0xff, 0x2f,
  0x01, 0xbf, 0x01, 0xf3, 0x00, 0x0b, 0x00, 0x33, 0x00, 0x00, 0x00, 0x16,
  0x15, 0x14, 0x06, 0x23, 0x22, 0x26, 0x35, 0x34, 0x36, 0x33, 0x16, 0x15,
  0x15, 0x14, 0x06, 0x07, 0x06, 0x06, 0x15, 0x14, 0x16, 0x33, 0x32, 0x36,
  0x35, 0x35, 0x34, 0x33, 0x17, 0x32, 0x15, 0x15, 0x14, 0x06, 0x06, 0x23,
  0x22, 0x26, 0x35, 0x34, 0x36, 0x36, 0x37, 0x36, 0x36, 0x35, 0x35, 0x34,
  0x33, 0x33, 0x01, 0x21, 0x24, 0x24, 0x1c, 0x1c, 0x24, 0x24, 0x1c, 0x2e,
  0x2e, 0x2c, 0x29, 0x29, 0x3a, 0x30, 0x31, 0x3d, 0x0a, 0x4c, 0x0a, 0x35,
  0x5e, 0x3d, 0x5b, 0x6e, 0x1e, 0x2a, 0x21, 0x23, 0x21, 0x0a, 0x4c, 0x01,
  0xf3, 0x24, 0x1c, 0x1c, 0x24, 0x24, 0x1c, 0x1c, 0x24, 0xcf, 0x0a, 0x32,
  0x2d, 0x3b, 0x20, 0x1f, 0x32, 0x27, 0x2d, 0x35, 0x38, 0x2c, 0x1a, 0x0a,
  0x04, 0x0a, 0x16, 0x37, 0x55, 0x2f, 0x63, 0x53, 0x2c, 0x40, 0x29, 0x18,
  0x1a, 0x26, 0x1b, 0x2d, 0x0a, 0x00, 0xff, 0xff, 0x00, 0x2e, 0x00, 0xdb,
  0x00, 0xae, 0x01, 0x5b, 0x00, 0x07, 0x00, 0x8e, 0xff, 0xe7, 0x00, 0xdb,
  0x00, 0x01, 0x00, 0x23, 0x00, 0x96, 0x01, 0x14, 0x01, 0x86, 0x00, 0x0b,
  0x00, 0x00, 0x36, 0x26, 0x35, 0x34, 0x36, 0x33, 0x32, 0x16, 0x15, 0x14,
  0x06, 0x23, 0x6a, 0x47, 0x47, 0x32, 0x32, 0x46, 0x46, 0x32, 0x96, 0x47,
  0x32, 0x32, 0x45, 0x45, 0x32, 0x32, 0x47, 0x00, 0x00, 0x01, 0x00, 0x1c,
  0x01, 0x89, 0x01, 0x71, 0x02, 0xeb, 0x00, 0x47, 0x00, 0x00, 0x12, 0x35,
  0x35, 0x34, 0x26, 0x07, 0x07, 0x06, 0x23, 0x22, 0x27, 0x27, 0x26, 0x35,
  0x34, 0x37, 0x37, 0x36, 0x34, 0x27, 0x27, 0x26, 0x26, 0x37, 0x37, 0x36,
  0x36, 0x17, 0x17, 0x16, 0x36, 0x35, 0x35, 0x34, 0x33, 0x33, 0x32, 0x15,
  0x15, 0x14, 0x16, 0x37, 0x37, 0x36, 0x33, 0x32, 0x17, 0x17, 0x16, 0x15,
  0x14, 0x07, 0x07, 0x06, 0x14, 0x17, 0x17, 0x16, 0x16, 0x07, 0x07, 0x06,
  0x06, 0x27, 0x27, 0x26, 0x06, 0x15, 0x15, 0x14, 0x23, 0x23, 0xaa, 0x03,
  0x02, 0x66, 0x02, 0x03, 0x06, 0x03, 0x13, 0x01, 0x05, 0x67, 0x02, 0x02,
  0x67, 0x04, 0x02, 0x02, 0x13, 0x02, 0x08, 0x04, 0x66, 0x02, 0x03, 0x0a,
  0x26, 0x0a, 0x03, 0x02, 0x66, 0x02, 0x03, 0x06, 0x03, 0x12, 0x01, 0x05,
  0x67, 0x02, 0x02, 0x67, 0x04, 0x02, 0x02, 0x12, 0x02, 0x08, 0x04, 0x66,
  0x02, 0x03, 0x0a, 0x26, 0x01, 0x89, 0x0a, 0x70, 0x02, 0x02, 0x01, 0x3b,
  0x01, 0x05, 0x22, 0x02, 0x03, 0x06, 0x03, 0x38, 0x01, 0x04, 0x01, 0x38,
  0x02, 0x08, 0x04, 0x22, 0x04, 0x02, 0x02, 0x3a, 0x01, 0x02, 0x02, 0x6f,
  0x0a, 0x0a, 0x6f, 0x02, 0x02, 0x01, 0x3a, 0x01, 0x05, 0x22, 0x02, 0x03,
  0x06, 0x03, 0x38, 0x01, 0x04, 0x01, 0x38, 0x02, 0x08, 0x04, 0x22, 0x04,
  0x02, 0x02, 0x3b, 0x01, 0x02, 0x02, 0x70, 0x0a, 0x00, 0x02, 0x00, 0x3f,
  0x00, 0x14, 0x02, 0x5e, 0x02, 0xa3, 0x00, 0x57, 0x00, 0x63, 0x00, 0x00,
  0x00, 0x23, 0x23, 0x22, 0x15, 0x07, 0x14, 0x33, 0x33, 0x32, 0x15, 0x15,
  0x14, 0x23, 0x23, 0x22, 0x15, 0x07, 0x06, 0x23, 0x27, 0x22, 0x26, 0x37,
  0x37, 0x34, 0x23, 0x23, 0x22, 0x15, 0x07, 0x06, 0x23, 0x27, 0x22, 0x26,
  0x37, 0x37, 0x34, 0x23, 0x23, 0x22, 0x35, 0x37, 0x34, 0x33, 0x33, 0x32,
  0x35, 0x37, 0x34, 0x23, 0x23, 0x22, 0x35, 0x35, 0x34, 0x33, 0x33, 0x32,
  0x35, 0x37, 0x36, 0x33, 0x17, 0x32, 0x16, 0x07, 0x07, 0x14, 0x33, 0x33,
  0x32, 0x35, 0x37, 0x36, 0x33, 0x17, 0x32, 0x16, 0x07, 0x07, 0x14, 0x33,
  0x33, 0x32, 0x15, 0x07, 0x06, 0x35, 0x37, 0x34, 0x23, 0x23, 0x22, 0x15,
  0x07, 0x14, 0x33, 0x33, 0x02, 0x5d, 0x0a, 0x4d, 0x05, 0x14, 0x03, 0x3f,
  0x0a, 0x0a, 0x4c, 0x05, 0x19, 0x01, 0x09, 0x4c, 0x04, 0x06, 0x01, 0x18,
  0x03, 0x8b, 0x05, 0x19, 0x01, 0x09, 0x4c, 0x04, 0x06, 0x01, 0x18, 0x03,
  0x3f, 0x0a, 0x01, 0x0a, 0x4a, 0x05, 0x15, 0x03, 0x3d, 0x0a, 0x0a, 0x4a,
  0x05, 0x19, 0x01, 0x09, 0x4c, 0x04, 0x06, 0x01, 0x18, 0x03, 0x8b, 0x05,
  0x19, 0x01, 0x09, 0x4c, 0x04, 0x06, 0x01, 0x18, 0x03, 0x41, 0x0a, 0x01,
  0xd1, 0x15, 0x03, 0x8b, 0x05, 0x14, 0x03, 0x8a, 0x01, 0xa4, 0x04, 0x8a,
  0x04, 0x0a, 0x3f, 0x0a, 0x04, 0x9e, 0x09, 0x01, 0x06, 0x05, 0x9b, 0x04,
  0x04, 0x9e, 0x09, 0x01, 0x06, 0x05, 0x9b, 0x04, 0x0a, 0x3f, 0x0a, 0x04,
  0x8a, 0x04, 0x0a, 0x40, 0x0a, 0x04, 0x9e, 0x09, 0x01, 0x06, 0x05, 0x9b,
  0x04, 0x04, 0x9e, 0x09, 0x01, 0x06, 0x05, 0x9b, 0x04, 0x0a, 0x40, 0x9c,
  0x04, 0x8a, 0x04, 0x04, 0x8a, 0x04, 0x00, 0x01, 0x00, 0x1a, 0x00, 0x00,
  0x01, 0x6a, 0x02, 0xbc, 0x00, 0x0b, 0x00, 0x00, 0x32, 0x37, 0x13, 0x36,
  0x33, 0x33, 0x32, 0x07, 0x03, 0x06, 0x23, 0x23, 0x1a, 0x03, 0xeb, 0x03,
  0x09, 0x4b, 0x0b, 0x03, 0xeb, 0x03, 0x09, 0x4b, 0x0b, 0x02, 0xa9, 0x08,
  0x0b, 0xfd, 0x57, 0x08, 0x00, 0x01, 0x00, 0x42, 0x00, 0x00, 0x01, 0x8e,
  0x02, 0xbc, 0x00, 0x0d, 0x00, 0x00, 0x25, 0x14, 0x23, 0x23, 0x22, 0x27,
  0x03, 0x27, 0x34, 0x33, 0x33, 0x32, 0x17, 0x13, 0x01, 0x8e, 0x09, 0x4b,
  0x09, 0x03, 0xeb, 0x01, 0x09, 0x4b, 0x09, 0x03, 0xeb, 0x07, 0x07, 0x08,
  0x02, 0xa9, 0x04, 0x07, 0x08, 0xfd, 0x57, 0x00, 0x00, 0x01, 0xff, 0xfd,
  0xff, 0x9c, 0x00, 0xd1, 0x02, 0xfa, 0x00, 0x18, 0x00, 0x00, 0x16, 0x27,
  0x26, 0x26, 0x35, 0x34, 0x36, 0x37, 0x36, 0x33, 0x33, 0x32, 0x16, 0x07,
  0x06, 0x06, 0x15, 0x14, 0x16, 0x17, 0x16, 0x15, 0x14, 0x23, 0x23, 0x76,
  0x05, 0x34, 0x40, 0x41, 0x35, 0x04, 0x08, 0x48, 0x06, 0x04, 0x03, 0x2c,
  0x39, 0x39, 0x2c, 0x02, 0x09, 0x4a, 0x64, 0x06, 0x4c, 0xdc, 0x7e, 0x81,
  0xdf, 0x4c, 0x06, 0x07, 0x05, 0x4f, 0xdb, 0x7b, 0x7b, 0xd8, 0x4e, 0x04,
  0x02, 0x06, 0x00, 0x01, 0x00, 0x52, 0xff, 0x9c, 0x01, 0x27, 0x02, 0xfa,
  0x00, 0x18, 0x00, 0x00, 0x12, 0x17, 0x16, 0x16, 0x15, 0x14, 0x06, 0x07,
  0x06, 0x23, 0x23, 0x22, 0x26, 0x37, 0x36, 0x36, 0x35, 0x34, 0x26, 0x27,
  0x26, 0x35, 0x34, 0x33, 0x33, 0xad, 0x05, 0x35, 0x40, 0x41, 0x35, 0x04,
  0x08, 0x49, 0x06, 0x04, 0x03, 0x2d, 0x39, 0x39, 0x2d, 0x02, 0x09, 0x4a,
  0x02, 0xfa, 0x06, 0x4c, 0xdc, 0x7e, 0x80, 0xdf, 0x4d, 0x06, 0x07, 0x05,
  0x4f, 0xdb, 0x7b, 0x7a, 0xd9, 0x4e, 0x04, 0x02, 0x06, 0x00, 0x00, 0x01,
  0x00, 0x21, 0xff, 0x7e, 0x01, 0x27, 0x03, 0x10, 0x00, 0x2e, 0x00, 0x00,
  0x16, 0x26, 0x35, 0x35, 0x34, 0x26, 0x27, 0x26, 0x35, 0x35, 0x34, 0x37,
  0x36, 0x36, 0x35, 0x35, 0x34, 0x36, 0x33, 0x33, 0x32, 0x15, 0x15, 0x14,
  0x23, 0x23, 0x22, 0x15, 0x15, 0x14, 0x06, 0x07, 0x06, 0x17, 0x16, 0x16,
  0x15, 0x15, 0x14, 0x33, 0x33, 0x32, 0x15, 0x15, 0x14, 0x23, 0x23, 0x9a,
  0x37, 0x1b, 0x1d, 0x0a, 0x0a, 0x1d, 0x1b, 0x37, 0x3a, 0x49, 0x0a, 0x0a,
  0x22, 0x38, 0x19, 0x1c, 0x05, 0x05, 0x1c, 0x19, 0x38, 0x22, 0x0a, 0x0a,
  0x49, 0x82, 0x39, 0x3c, 0xd5, 0x2b, 0x2b, 0x04, 0x01, 0x0a, 0x39, 0x0a,
  0x01, 0x04, 0x2b, 0x2a, 0xd0, 0x3c, 0x3a, 0x0a, 0x40, 0x0a, 0x46, 0xb6,
  0x2f, 0x37, 0x0e, 0x02, 0x03, 0x0d, 0x38, 0x2f, 0xbb, 0x47, 0x0a, 0x3f,
  0x0a, 0x00, 0x00, 0x01, 0x00, 0x21, 0xff, 0x7e, 0x01, 0x27, 0x03, 0x10,
  0x00, 0x2f, 0x00, 0x00, 0x17, 0x22, 0x35, 0x35, 0x34, 0x33, 0x33, 0x32,
  0x36, 0x35, 0x35, 0x34, 0x36, 0x37, 0x36, 0x27, 0x26, 0x26, 0x35, 0x35,
  0x34, 0x23, 0x23, 0x22, 0x35, 0x35, 0x34, 0x33, 0x33, 0x32, 0x16, 0x15,
  0x15, 0x14, 0x16, 0x17, 0x16, 0x15, 0x15, 0x14, 0x07, 0x06, 0x06, 0x15,
  0x15, 0x14, 0x06, 0x23, 0x2b, 0x0a, 0x0a, 0x23, 0x1b, 0x1d, 0x19, 0x1c,
  0x05, 0x05, 0x1c, 0x19, 0x38, 0x23, 0x0a, 0x0a, 0x4a, 0x39, 0x38, 0x1a,
  0x1d, 0x0a, 0x0a, 0x1c, 0x1b, 0x38, 0x39, 0x82, 0x0a, 0x3f, 0x0a, 0x24,
  0x23, 0xbb, 0x2f, 0x38, 0x0d, 0x03, 0x02, 0x0e, 0x37, 0x2f, 0xb6, 0x46,
  0x0a, 0x40, 0x0a, 0x3a, 0x3c, 0xd0, 0x2b, 0x2a, 0x04, 0x01, 0x0a, 0x39,
  0x0a, 0x01, 0x04, 0x2b, 0x2b, 0xd5, 0x3c, 0x39, 0x00, 0x01, 0x00, 0x21,
  0xff, 0x7e, 0x01, 0x08, 0x03, 0x10, 0x00, 0x17, 0x00, 0x00, 0x16, 0x35,
  0x11, 0x34, 0x33, 0x33, 0x32, 0x15, 0x15, 0x14, 0x23, 0x23, 0x22, 0x15,
  0x11, 0x14, 0x33, 0x33, 0x32, 0x15, 0x15, 0x14, 0x23, 0x23, 0x21, 0x0a,
  0xd2, 0x0a, 0x0a, 0x78, 0x04, 0x04, 0x79, 0x0a, 0x0a, 0xd3, 0x82, 0x0a,
  0x03, 0x7e, 0x0a, 0x0a, 0x40, 0x0a, 0x04, 0xfd, 0x1d, 0x04, 0x0a, 0x3f,
  0x0a, 0x00, 0x00, 0x01, 0x00, 0x81, 0xff, 0x7e, 0x01, 0x68, 0x03, 0x10,
  0x00, 0x17, 0x00, 0x00, 0x04, 0x23, 0x23, 0x22, 0x35, 0x35, 0x34, 0x33,
  0x33, 0x32, 0x35, 0x11, 0x34, 0x23, 0x23, 0x22, 0x35, 0x35, 0x34, 0x33,
  0x33, 0x32, 0x15, 0x11, 0x01, 0x68, 0x0a, 0xd3, 0x0a, 0x0a, 0x79, 0x04,
  0x04, 0x79, 0x0a, 0x0a, 0xd3, 0x0a, 0x82, 0x0a, 0x3f, 0x0a, 0x04, 0x02,
  0xe3, 0x04, 0x0a, 0x40, 0x0a, 0x0a, 0xfc, 0x82, 0x00, 0x01, 0x00, 0x23,
  0x01, 0x08, 0x01, 0x6c, 0x01, 0x5b, 0x00, 0x0b, 0x00, 0x00, 0x12, 0x35,
  0x35, 0x34, 0x33, 0x21, 0x32, 0x15, 0x15, 0x14, 0x23, 0x21, 0x23, 0x0a,
  0x01, 0x35, 0x0a, 0x0a, 0xfe, 0xcb, 0x01, 0x08, 0x0a, 0x3f, 0x0a, 0x0a,
  0x3f, 0x0a, 0xff, 0xff, 0x00, 0x23, 0x01, 0x08, 0x01, 0x6c, 0x01, 0x5b,
  0x00, 0x02, 0x00, 0xa3, 0x00, 0x00, 0x00, 0x01, 0x00, 0x23, 0x00, 0xf1,
  0x01, 0xa8, 0x01, 0x45, 0x00, 0x0b, 0x00, 0x00, 0x36, 0x35, 0x35, 0x34,
  0x33, 0x21, 0x32, 0x15, 0x15, 0x14, 0x23, 0x21, 0x23, 0x0a, 0x01, 0x71,
  0x0a, 0x0a, 0xfe, 0x8f, 0xf1, 0x0a, 0x40, 0x0a, 0x0a, 0x40, 0x0a, 0x00,
  0x00, 0x01, 0x00, 0x23, 0x00, 0xf2, 0x02, 0x81, 0x01, 0x45, 0x00, 0x0b,
  0x00, 0x00, 0x36, 0x35, 0x35, 0x34, 0x33, 0x21, 0x32, 0x15, 0x15, 0x14,
  0x23, 0x21, 0x23, 0x0a, 0x02, 0x4a, 0x0a, 0x0a, 0xfd, 0xb6, 0xf2, 0x0a,
  0x3f, 0x0a, 0x0a, 0x3f, 0x0a, 0x00, 0x00, 0x01, 0x00, 0x19, 0x00, 0x00,
  0x01, 0xd9, 0x00, 0x4b, 0x00, 0x0b, 0x00, 0x00, 0x32, 0x35, 0x35, 0x34,
  0x33, 0x21, 0x32, 0x15, 0x15, 0x14, 0x23, 0x21, 0x19, 0x0a, 0x01, 0xac,
  0x0a, 0x0a, 0xfe, 0x54, 0x0a, 0x37, 0x0a, 0x0a, 0x37, 0x0a, 0xff, 0xff,
  0x00, 0x39, 0xff, 0xaa, 0x00, 0xb9, 0x00, 0x9c, 0x00, 0x02, 0x00, 0x8f,
  0x00, 0x00, 0x00, 0x02, 0x00, 0x02, 0x01, 0xe8, 0x01, 0x2b, 0x02, 0xbc,
  0x00, 0x0d, 0x00, 0x1b, 0x00, 0x00, 0x12, 0x26, 0x37, 0x37, 0x36, 0x33,
  0x33, 0x32, 0x16, 0x07, 0x07, 0x06, 0x23, 0x23, 0x32, 0x26, 0x37, 0x37,
  0x36, 0x33, 0x33, 0x32, 0x16, 0x07, 0x07, 0x06, 0x23, 0x23, 0x07, 0x05,
  0x02, 0x48, 0x03, 0x08, 0x36, 0x05, 0x05, 0x01, 0x35, 0x02, 0x09, 0x4a,
  0x90, 0x05, 0x02, 0x47, 0x03, 0x08, 0x36, 0x05, 0x05, 0x01, 0x34, 0x02,
  0x09, 0x4a, 0x01, 0xe8, 0x07, 0x05, 0xc0, 0x08, 0x06, 0x05, 0xc0, 0x09,
  0x07, 0x05, 0xc0, 0x08, 0x06, 0x05, 0xc0, 0x09, 0x00, 0x02, 0x00, 0x02,
  0x01, 0xe8, 0x01, 0x2b, 0x02, 0xbc, 0x00, 0x0d, 0x00, 0x1b, 0x00, 0x00,
  0x12, 0x16, 0x07, 0x07, 0x06, 0x23, 0x23, 0x22, 0x26, 0x37, 0x37, 0x36,
  0x33, 0x33, 0x32, 0x16, 0x07, 0x07, 0x06, 0x23, 0x23, 0x22, 0x26, 0x37,
  0x37, 0x36, 0x33, 0x33, 0x91, 0x05, 0x02, 0x47, 0x03, 0x08, 0x36, 0x05,
  0x05, 0x01, 0x34, 0x02, 0x09, 0x4a, 0x9a, 0x05, 0x02, 0x48, 0x03, 0x08,
  0x36, 0x05, 0x05, 0x01, 0x35, 0x02, 0x09, 0x4a, 0x02, 0xbc, 0x07, 0x05,
  0xc0, 0x08, 0x06, 0x05, 0xc0, 0x09, 0x07, 0x05, 0xc0, 0x08, 0x06, 0x05,
  0xc0, 0x09, 0x00, 0x01, 0x00, 0x03, 0x01, 0xe8, 0x00, 0xa1, 0x02, 0xbc,
  0x00, 0x0d, 0x00, 0x00, 0x12, 0x26, 0x37, 0x37, 0x36, 0x33, 0x33, 0x32,
  0x16, 0x07, 0x07, 0x06, 0x23, 0x23, 0x08, 0x05, 0x02, 0x4e, 0x03, 0x08,
  0x39, 0x05, 0x05, 0x01, 0x3a, 0x03, 0x09, 0x4d, 0x01, 0xe8, 0x07, 0x05,
  0xc0, 0x08, 0x06, 0x05, 0xc1, 0x08, 0x00, 0x01, 0x00, 0x02, 0x01, 0xe8,
  0x00, 0xa0, 0x02, 0xbc, 0x00, 0x0d, 0x00, 0x00, 0x12, 0x16, 0x07, 0x07,
  0x06, 0x23, 0x23, 0x22, 0x26, 0x37, 0x37, 0x36, 0x33, 0x33, 0x9b, 0x05,
  0x02, 0x4e, 0x03, 0x08, 0x39, 0x05, 0x05, 0x01, 0x3a, 0x03, 0x09, 0x4d,
  0x02, 0xbc, 0x07, 0x05, 0xc0, 0x08, 0x06, 0x05, 0xc1, 0x08, 0x00, 0x02,
  0x00, 0x42, 0x00, 0x6b, 0x01, 0xbe, 0x01, 0xc7, 0x00, 0x15, 0x00, 0x2b,
  0x00, 0x00, 0x24, 0x15, 0x14, 0x06, 0x23, 0x23, 0x22, 0x27, 0x27, 0x26,
  0x37, 0x37, 0x36, 0x33, 0x33, 0x32, 0x16, 0x07, 0x07, 0x06, 0x17, 0x17,
  0x16, 0x15, 0x14, 0x06, 0x23, 0x23, 0x22, 0x27, 0x27, 0x26, 0x37, 0x37,
  0x36, 0x33, 0x33, 0x32, 0x16, 0x07, 0x07, 0x06, 0x17, 0x17, 0x01, 0x19,
  0x04, 0x04, 0x4b, 0x08, 0x04, 0x74, 0x04, 0x04, 0x74, 0x04, 0x08, 0x4b,
  0x06, 0x04, 0x04, 0x74, 0x01, 0x01, 0x74, 0xa5, 0x04, 0x04, 0x4b, 0x08,
  0x04, 0x74, 0x04, 0x04, 0x74, 0x04, 0x08, 0x4b, 0x06, 0x04, 0x04, 0x73,
  0x01, 0x01, 0x73, 0x75, 0x04, 0x02, 0x04, 0x06, 0xa1, 0x07, 0x07, 0xa1,
  0x06, 0x07, 0x05, 0x9f, 0x03, 0x03, 0x9f, 0x02, 0x04, 0x02, 0x04, 0x06,
  0xa1, 0x07, 0x07, 0xa1, 0x06, 0x07, 0x05, 0x9f, 0x03, 0x03, 0x9f, 0x00,
  0xff, 0xff, 0x00, 0x57, 0x00, 0x6b, 0x01, 0xd3, 0x01, 0xc7, 0x00, 0x22,
  0x00, 0xaf, 0x00, 0x00, 0x00, 0x03, 0x00, 0xaf, 0x00, 0xa3, 0x00, 0x00,
  0x00, 0x01, 0x00, 0x57, 0x00, 0x6b, 0x01, 0x30, 0x01, 0xc7, 0x00, 0x15,
  0x00, 0x00, 0x36, 0x26, 0x37, 0x37, 0x36, 0x27, 0x27, 0x26, 0x35, 0x34,
  0x36, 0x33, 0x33, 0x32, 0x17, 0x17, 0x16, 0x07, 0x07, 0x06, 0x23, 0x23,
  0x5b, 0x04, 0x04, 0x73, 0x02, 0x02, 0x73, 0x02, 0x04, 0x04, 0x4b, 0x08,
  0x04, 0x74, 0x04, 0x04, 0x74, 0x04, 0x08, 0x4b, 0x6b, 0x07, 0x05, 0x9f,
  0x03, 0x03, 0x9f, 0x02, 0x04, 0x02, 0x04, 0x06, 0xa1, 0x07, 0x07, 0xa1,
  0x06, 0x00, 0x00, 0x02, 0x00, 0x19, 0x01, 0xe2, 0x01, 0x12, 0x02, 0xb8,
  0x00, 0x0b, 0x00, 0x17, 0x00, 0x00, 0x12, 0x35, 0x27, 0x34, 0x33, 0x33,
  0x32, 0x15, 0x07, 0x14, 0x23, 0x23, 0x32, 0x35, 0x27, 0x34, 0x33, 0x33,
  0x32, 0x15, 0x07, 0x14, 0x23, 0x23, 0x22, 0x09, 0x09, 0x4a, 0x0a, 0x0a,
  0x0a, 0x35, 0x92, 0x09, 0x09, 0x4a, 0x09, 0x0a, 0x0a, 0x35, 0x01, 0xe2,
  0x0a, 0xc2, 0x0a, 0x0a, 0xc2, 0x0a, 0x0a, 0xc2, 0x0a, 0x0a, 0xc2, 0x0a,
  0x00, 0x01, 0x00, 0x19, 0x01, 0xe6, 0x00, 0x7a, 0x02, 0xba, 0x00, 0x0b,
  0x00, 0x00, 0x12, 0x35, 0x27, 0x34, 0x33, 0x33, 0x32, 0x15, 0x07, 0x14,
  0x23, 0x23, 0x22, 0x09, 0x09, 0x4f, 0x09, 0x0a, 0x0a, 0x39, 0x01, 0xe6,
  0x0a, 0xc0, 0x0a, 0x0a, 0xc0, 0x0a, 0x00, 0x01, 0x00, 0x37, 0xff, 0xfc,
  0x01, 0xe6, 0x02, 0xb3, 0x00, 0x4a, 0x00, 0x00, 0x24, 0x26, 0x37, 0x35,
  0x36, 0x17, 0x17, 0x16, 0x15, 0x15, 0x14, 0x07, 0x06, 0x06, 0x07, 0x22,
  0x15, 0x17, 0x14, 0x23, 0x23, 0x22, 0x35, 0x37, 0x34, 0x27, 0x26, 0x26,
  0x27, 0x26, 0x35, 0x34, 0x37, 0x36, 0x36, 0x37, 0x36, 0x35, 0x27, 0x34,
  0x33, 0x33, 0x32, 0x15, 0x07, 0x14, 0x33, 0x16, 0x16, 0x17, 0x16, 0x17,
  0x14, 0x07, 0x07, 0x23, 0x22, 0x27, 0x27, 0x26, 0x26, 0x23, 0x22, 0x06,
  0x07, 0x06, 0x15, 0x14, 0x17, 0x16, 0x16, 0x33, 0x32, 0x36, 0x37, 0x01,
  0x85, 0x01, 0x01, 0x03, 0x08, 0x4b, 0x08, 0x05, 0x0f, 0x5a, 0x3f, 0x04,
  0x02, 0x0a, 0x42, 0x0a, 0x02, 0x04, 0x37, 0x4e, 0x11, 0x0f, 0x0f, 0x10,
  0x4d, 0x37, 0x04, 0x01, 0x0a, 0x41, 0x0a, 0x01, 0x04, 0x3f, 0x5b, 0x0f,
  0x06, 0x02, 0x09, 0x4b, 0x02, 0x07, 0x03, 0x03, 0x08, 0x3e, 0x2c, 0x2b,
  0x3c, 0x09, 0x09, 0x09, 0x0a, 0x3b, 0x2b, 0x2c, 0x3f, 0x08, 0xf9, 0x03,
  0x01, 0x04, 0x08, 0x02, 0x0c, 0x02, 0x06, 0x04, 0x09, 0x0d, 0x35, 0x47,
  0x09, 0x04, 0x4a, 0x0a, 0x0a, 0x4d, 0x04, 0x01, 0x0c, 0x48, 0x35, 0x2e,
  0x4b, 0x45, 0x34, 0x34, 0x45, 0x0d, 0x01, 0x04, 0x4b, 0x0a, 0x0a, 0x48,
  0x04, 0x09, 0x48, 0x33, 0x10, 0x11, 0x08, 0x02, 0x0b, 0x09, 0x10, 0x22,
  0x2e, 0x2e, 0x26, 0x24, 0x3b, 0x3a, 0x24, 0x28, 0x2e, 0x2e, 0x25, 0x00,
  0x00, 0x02, 0x00, 0x17, 0x00, 0x3b, 0x02, 0x09, 0x02, 0x22, 0x00, 0x43,
  0x00, 0x53, 0x00, 0x00, 0x24, 0x07, 0x06, 0x17, 0x17, 0x16, 0x15, 0x14,
  0x07, 0x07, 0x06, 0x23, 0x22, 0x27, 0x27, 0x26, 0x07, 0x06, 0x23, 0x22,
  0x27, 0x26, 0x07, 0x07, 0x06, 0x27, 0x27, 0x26, 0x37, 0x37, 0x36, 0x27,
  0x26, 0x35, 0x34, 0x37, 0x36, 0x27, 0x27, 0x26, 0x35, 0x34, 0x37, 0x37,
  0x36, 0x33, 0x32, 0x17, 0x17, 0x16, 0x37, 0x36, 0x33, 0x32, 0x17, 0x16,
  0x37, 0x37, 0x36, 0x17, 0x17, 0x16, 0x07, 0x07, 0x06, 0x17, 0x16, 0x15,
  0x04, 0x16, 0x16, 0x33, 0x32, 0x36, 0x36, 0x35, 0x34, 0x26, 0x26, 0x23,
  0x22, 0x06, 0x06, 0x15, 0x01, 0xd9, 0x20, 0x02, 0x03, 0x42, 0x03, 0x04,
  0x30, 0x03, 0x03, 0x04, 0x04, 0x3e, 0x03, 0x03, 0x31, 0x3d, 0x3c, 0x2e,
  0x03, 0x03, 0x3c, 0x07, 0x07, 0x2f, 0x07, 0x06, 0x3d, 0x03, 0x02, 0x24,
  0x21, 0x02, 0x03, 0x41, 0x03, 0x04, 0x2f, 0x03, 0x03, 0x04, 0x04, 0x3e,
  0x03, 0x03, 0x33, 0x3c, 0x3f, 0x33, 0x03, 0x03, 0x41, 0x08, 0x06, 0x2f,
  0x08, 0x07, 0x46, 0x03, 0x02, 0x1e, 0xfe, 0xb6, 0x22, 0x39, 0x21, 0x21,
  0x39, 0x21, 0x21, 0x39, 0x21, 0x21, 0x39, 0x22, 0xf3, 0x33, 0x03, 0x03,
  0x41, 0x03, 0x03, 0x04, 0x04, 0x2a, 0x03, 0x04, 0x3e, 0x03, 0x02, 0x20,
  0x1d, 0x02, 0x03, 0x3b, 0x07, 0x06, 0x2a, 0x08, 0x06, 0x3c, 0x03, 0x03,
  0x34, 0x3f, 0x3d, 0x32, 0x03, 0x03, 0x41, 0x03, 0x03, 0x04, 0x04, 0x29,
  0x03, 0x04, 0x3d, 0x03, 0x02, 0x20, 0x23, 0x02, 0x03, 0x40, 0x08, 0x07,
  0x29, 0x07, 0x07, 0x45, 0x03, 0x03, 0x31, 0x3a, 0x21, 0x39, 0x21, 0x21,
  0x39, 0x21, 0x21, 0x39, 0x22, 0x22, 0x39, 0x21, 0x00, 0x01, 0x00, 0x2f,
  0xff, 0xa6, 0x02, 0x03, 0x03, 0x1d, 0x00, 0x4b, 0x00, 0x00, 0x24, 0x06,
  0x07, 0x22, 0x15, 0x17, 0x14, 0x23, 0x23, 0x22, 0x35, 0x37, 0x34, 0x23,
  0x26, 0x26, 0x35, 0x35, 0x34, 0x33, 0x33, 0x32, 0x15, 0x15, 0x14, 0x16,
  0x33, 0x32, 0x36, 0x35, 0x34, 0x26, 0x26, 0x27, 0x2e, 0x02, 0x35, 0x34,
  0x36, 0x37, 0x32, 0x35, 0x27, 0x34, 0x33, 0x33, 0x32, 0x15, 0x07, 0x14,
  0x17, 0x16, 0x16, 0x15, 0x15, 0x14, 0x23, 0x23, 0x22, 0x35, 0x35, 0x34,
  0x26, 0x23, 0x22, 0x06, 0x15, 0x14, 0x16, 0x16, 0x17, 0x1e, 0x02, 0x15,
  0x02, 0x03, 0x63, 0x58, 0x04, 0x01, 0x0a, 0x42, 0x0a, 0x01, 0x04, 0x59,
  0x64, 0x0a, 0x45, 0x0a, 0x54, 0x48, 0x41, 0x43, 0x22, 0x42, 0x3f, 0x46,
  0x50, 0x35, 0x5e, 0x51, 0x04, 0x01, 0x0a, 0x41, 0x0a, 0x01, 0x04, 0x56,
  0x63, 0x0a, 0x46, 0x0a, 0x4e, 0x46, 0x3b, 0x40, 0x21, 0x3f, 0x41, 0x44,
  0x53, 0x37, 0x69, 0x65, 0x0a, 0x04, 0x46, 0x0a, 0x0a, 0x47, 0x04, 0x0c,
  0x65, 0x4f, 0x1d, 0x0a, 0x0a, 0x18, 0x33, 0x42, 0x3a, 0x2f, 0x1f, 0x2c,
  0x25, 0x1a, 0x1c, 0x2e, 0x4b, 0x39, 0x4c, 0x5f, 0x0b, 0x04, 0x4d, 0x0a,
  0x0a, 0x4e, 0x04, 0x01, 0x0c, 0x68, 0x4f, 0x14, 0x0a, 0x0a, 0x0f, 0x34,
  0x45, 0x33, 0x30, 0x21, 0x2a, 0x21, 0x1a, 0x1c, 0x2f, 0x4d, 0x39, 0x00,
  0x00, 0x01, 0x00, 0x52, 0x00, 0x00, 0x02, 0x40, 0x02, 0xc4, 0x00, 0x40,
  0x00, 0x00, 0x36, 0x16, 0x33, 0x21, 0x32, 0x15, 0x15, 0x14, 0x23, 0x21,
  0x22, 0x35, 0x35, 0x34, 0x37, 0x36, 0x36, 0x35, 0x35, 0x34, 0x23, 0x23,
  0x22, 0x35, 0x35, 0x34, 0x33, 0x33, 0x32, 0x35, 0x35, 0x34, 0x36, 0x33,
  0x32, 0x16, 0x17, 0x17, 0x14, 0x07, 0x07, 0x23, 0x22, 0x27, 0x26, 0x26,
  0x23, 0x22, 0x06, 0x15, 0x15, 0x14, 0x33, 0x33, 0x32, 0x15, 0x15, 0x14,
  0x23, 0x23, 0x22, 0x15, 0x15, 0x14, 0x07, 0xde, 0x02, 0x02, 0x01, 0x54,
  0x0a, 0x0a, 0xfe, 0x45, 0x0a, 0x07, 0x18, 0x1a, 0x04, 0x4a, 0x0a, 0x0a,
  0x4a, 0x04, 0x71, 0x62, 0x47, 0x60, 0x17, 0x01, 0x08, 0x48, 0x03, 0x06,
  0x03, 0x0e, 0x31, 0x24, 0x36, 0x3d, 0x04, 0xbd, 0x0a, 0x0a, 0xbd, 0x04,
  0x2a, 0x56, 0x03, 0x0a, 0x3f, 0x0a, 0x0a, 0x41, 0x08, 0x04, 0x0f, 0x3b,
  0x26, 0x62, 0x04, 0x0a, 0x3a, 0x0a, 0x04, 0x79, 0x60, 0x6c, 0x4a, 0x44,
  0x04, 0x06, 0x02, 0x0d, 0x07, 0x28, 0x25, 0x3b, 0x3c, 0x7b, 0x04, 0x0a,
  0x3a, 0x0a, 0x04, 0x60, 0x45, 0x2c, 0x00, 0x01, 0x00, 0x57, 0x00, 0x01,
  0x02, 0x5e, 0x02, 0xbc, 0x00, 0x48, 0x00, 0x00, 0x00, 0x16, 0x07, 0x03,
  0x06, 0x33, 0x33, 0x32, 0x15, 0x15, 0x14, 0x23, 0x23, 0x22, 0x15, 0x15,
  0x14, 0x33, 0x33, 0x32, 0x15, 0x15, 0x14, 0x23, 0x23, 0x22, 0x15, 0x15,
  0x14, 0x23, 0x23, 0x22, 0x35, 0x35, 0x34, 0x23, 0x23, 0x22, 0x35, 0x35,
  0x34, 0x33, 0x33, 0x32, 0x35, 0x35, 0x34, 0x23, 0x23, 0x22, 0x35, 0x35,
  0x34, 0x33, 0x33, 0x32, 0x27, 0x03, 0x26, 0x35, 0x34, 0x33, 0x33, 0x32,
  0x17, 0x13, 0x16, 0x32, 0x37, 0x13, 0x36, 0x33, 0x33, 0x02, 0x59, 0x05,
  0x03, 0xb8, 0x02, 0x04, 0x6c, 0x0a, 0x0a, 0x84, 0x04, 0x04, 0x84, 0x0a,
  0x0a, 0x84, 0x04, 0x0a, 0x4c, 0x0a, 0x04, 0x86, 0x0a, 0x0a, 0x86, 0x04,
  0x04, 0x86, 0x0a, 0x0a, 0x6e, 0x04, 0x02, 0xb7, 0x01, 0x08, 0x52, 0x09,
  0x03, 0x99, 0x01, 0x04, 0x01, 0x9a, 0x03, 0x09, 0x52, 0x02, 0xbc, 0x07,
  0x05, 0xfe, 0xa7, 0x05, 0x0a, 0x24, 0x0a, 0x04, 0x47, 0x04, 0x0a, 0x24,
  0x0a, 0x04, 0x84, 0x0a, 0x0a, 0x84, 0x04, 0x0a, 0x24, 0x0a, 0x04, 0x47,
  0x04, 0x0a, 0x24, 0x0a, 0x05, 0x01, 0x59, 0x02, 0x03, 0x07, 0x07, 0xfe,
  0xdb, 0x02, 0x02, 0x01, 0x25, 0x07, 0x00, 0x01, 0x00, 0x23, 0x00, 0x63,
  0x01, 0xcc, 0x02, 0x0c, 0x00, 0x23, 0x00, 0x00, 0x00, 0x15, 0x15, 0x14,
  0x23, 0x23, 0x22, 0x15, 0x15, 0x14, 0x23, 0x23, 0x22, 0x35, 0x35, 0x34,
  0x23, 0x23, 0x22, 0x35, 0x35, 0x34, 0x33, 0x33, 0x32, 0x35, 0x35, 0x34,
  0x33, 0x33, 0x32, 0x15, 0x15, 0x14, 0x33, 0x33, 0x01, 0xcc, 0x0a, 0x9d,
  0x04, 0x0a, 0x3f, 0x0a, 0x04, 0x9d, 0x0a, 0x0a, 0x9d, 0x04, 0x0a, 0x3f,
  0x0a, 0x04, 0x9d, 0x01, 0x5e, 0x0a, 0x3f, 0x0a, 0x04, 0x9a, 0x0a, 0x0a,
  0x9a, 0x04, 0x0a, 0x3f, 0x0a, 0x04, 0xa0, 0x0a, 0x0a, 0xa0, 0x04, 0x00,
  0x00, 0x01, 0x00, 0x23, 0x01, 0x0b, 0x01, 0xcc, 0x01, 0x5e, 0x00, 0x0b,
  0x00, 0x00, 0x12, 0x35, 0x35, 0x34, 0x33, 0x21, 0x32, 0x15, 0x15, 0x14,
  0x23, 0x21, 0x23, 0x0a, 0x01, 0x95, 0x0a, 0x0a, 0xfe, 0x6b, 0x01, 0x0b,
  0x0a, 0x3f, 0x0a, 0x0a, 0x3f, 0x0a, 0x00, 0x01, 0x00, 0x27, 0x00, 0x8e,
  0x01, 0x87, 0x01, 0xee, 0x00, 0x2b, 0x00, 0x00, 0x00, 0x14, 0x07, 0x07,
  0x06, 0x17, 0x17, 0x16, 0x14, 0x07, 0x07, 0x06, 0x22, 0x27, 0x27, 0x26,
  0x07, 0x07, 0x06, 0x22, 0x27, 0x27, 0x26, 0x34, 0x37, 0x37, 0x36, 0x27,
  0x27, 0x26, 0x34, 0x37, 0x37, 0x36, 0x32, 0x17, 0x17, 0x16, 0x37, 0x37,
  0x36, 0x32, 0x17, 0x17, 0x01, 0x87, 0x03, 0x6f, 0x03, 0x03, 0x6d, 0x03,
  0x03, 0x2c, 0x03, 0x08, 0x03, 0x6d, 0x03, 0x03, 0x6f, 0x03, 0x08, 0x03,
  0x2c, 0x03, 0x03, 0x6f, 0x03, 0x03, 0x71, 0x03, 0x03, 0x2c, 0x03, 0x08,
  0x03, 0x71, 0x03, 0x03, 0x6f, 0x03, 0x08, 0x03, 0x2c, 0x01, 0xba, 0x08,
  0x03, 0x6f, 0x03, 0x03, 0x6d, 0x03, 0x08, 0x03, 0x2c, 0x03, 0x03, 0x6d,
  0x03, 0x03, 0x6f, 0x03, 0x03, 0x2c, 0x03, 0x08, 0x03, 0x6f, 0x03, 0x03,
  0x71, 0x03, 0x08, 0x03, 0x2c, 0x03, 0x03, 0x71, 0x03, 0x03, 0x6f, 0x03,
  0x03, 0x2c, 0x00, 0x03, 0x00, 0x23, 0x00, 0x6b, 0x01, 0xcc, 0x02, 0x24,
  0x00, 0x0b, 0x00, 0x17, 0x00, 0x23, 0x00, 0x00, 0x12, 0x26, 0x35, 0x34,
  0x36, 0x33, 0x32, 0x16, 0x15, 0x14, 0x06, 0x23, 0x06, 0x35, 0x35, 0x34,
  0x33, 0x21, 0x32, 0x15, 0x15, 0x14, 0x23, 0x21, 0x16, 0x26, 0x35, 0x34,
  0x36, 0x33, 0x32, 0x16, 0x15, 0x14, 0x06, 0x23, 0xdf, 0x23, 0x23, 0x18,
  0x17, 0x23, 0x23, 0x17, 0xd4, 0x0a, 0x01, 0x95, 0x0a, 0x0a, 0xfe, 0x6b,
  0xb2, 0x23, 0x23, 0x18, 0x17, 0x23, 0x23, 0x17, 0x01, 0xb0, 0x22, 0x18,
  0x18, 0x22, 0x22, 0x18, 0x18, 0x22, 0x99, 0x0a, 0x3e, 0x0a, 0x0a, 0x3e,
  0x0a, 0xac, 0x22, 0x18, 0x17, 0x23, 0x23, 0x17, 0x18, 0x22, 0xff, 0xff,
  0x00, 0x23, 0x00, 0xa7, 0x01, 0xcc, 0x01, 0xc4, 0x00, 0x26, 0x00, 0xb9,
  0x00, 0x66, 0x00, 0x06, 0x00, 0xb9, 0x00, 0x9c, 0x00, 0x01, 0x00, 0x23,
  0x00, 0x27, 0x01, 0xcc, 0x01, 0xf9, 0x00, 0x16, 0x00, 0x00, 0x37, 0x22,
  0x35, 0x35, 0x34, 0x37, 0x25, 0x36, 0x27, 0x25, 0x26, 0x35, 0x35, 0x34,
  0x36, 0x17, 0x05, 0x16, 0x15, 0x15, 0x14, 0x07, 0x05, 0x2b, 0x08, 0x08,
  0x01, 0x39, 0x06, 0x06, 0xfe, 0xc7, 0x08, 0x07, 0x05, 0x01, 0x96, 0x07,
  0x07, 0xfe, 0x6a, 0x27, 0x09, 0x48, 0x08, 0x03, 0x89, 0x03, 0x03, 0x89,
  0x03, 0x08, 0x49, 0x05, 0x05, 0x02, 0xba, 0x03, 0x08, 0x45, 0x07, 0x04,
  0xba, 0x00, 0x00, 0x01, 0x00, 0x23, 0x00, 0x26, 0x01, 0xcc, 0x01, 0xf8,
  0x00, 0x16, 0x00, 0x00, 0x24, 0x06, 0x27, 0x25, 0x26, 0x35, 0x35, 0x34,
  0x37, 0x25, 0x37, 0x32, 0x15, 0x15, 0x14, 0x07, 0x05, 0x06, 0x17, 0x05,
  0x16, 0x15, 0x15, 0x01, 0xcc, 0x07, 0x05, 0xfe, 0x6a, 0x07, 0x08, 0x01,
  0x95, 0x04, 0x08, 0x08, 0xfe, 0xc6, 0x06, 0x06, 0x01, 0x3a, 0x08, 0x2b,
  0x05, 0x02, 0xba, 0x04, 0x07, 0x45, 0x07, 0x04, 0xba, 0x01, 0x09, 0x49,
  0x08, 0x03, 0x89, 0x03, 0x03, 0x89, 0x03, 0x08, 0x48, 0x00, 0xff, 0xff,
  0x00, 0x23, 0x00, 0x00, 0x01, 0xcc, 0x02, 0x47, 0x00, 0x26, 0x00, 0xb8,
  0x00, 0x3b, 0x00, 0x07, 0x00, 0xb9, 0x00, 0x00, 0xfe, 0xf5, 0x00, 0x01,
  0x00, 0x23, 0x00, 0x96, 0x01, 0xcc, 0x01, 0x5e, 0x00, 0x11, 0x00, 0x00,
  0x12, 0x33, 0x21, 0x32, 0x15, 0x15, 0x14, 0x23, 0x23, 0x22, 0x35, 0x35,
  0x34, 0x23, 0x21, 0x22, 0x35, 0x35, 0x23, 0x0a, 0x01, 0x95, 0x0a, 0x0a,
  0x40, 0x0a, 0x04, 0xfe, 0xb9, 0x0a, 0x01, 0x5e, 0x0a, 0xb4, 0x0a, 0x0a,
  0x67, 0x04, 0x0a, 0x3f, 0x00, 0x01, 0x00, 0x23, 0x00, 0xdc, 0x01, 0xdd,
  0x01, 0x6b, 0x00, 0x22, 0x00, 0x00, 0x24, 0x26, 0x27, 0x26, 0x26, 0x23,
  0x22, 0x07, 0x07, 0x06, 0x27, 0x27, 0x26, 0x37, 0x36, 0x36, 0x33, 0x32,
  0x16, 0x17, 0x1e, 0x02, 0x33, 0x32, 0x36, 0x37, 0x36, 0x17, 0x17, 0x16,
  0x07, 0x06, 0x06, 0x23, 0x01, 0x41, 0x2a, 0x1b, 0x18, 0x24, 0x15, 0x2c,
  0x1b, 0x02, 0x05, 0x07, 0x2b, 0x08, 0x03, 0x11, 0x46, 0x2b, 0x19, 0x27,
  0x16, 0x05, 0x23, 0x20, 0x11, 0x14, 0x1c, 0x10, 0x06, 0x08, 0x30, 0x08,
  0x04, 0x12, 0x42, 0x28, 0xdc, 0x10, 0x10, 0x0d, 0x0e, 0x25, 0x04, 0x06,
  0x05, 0x1c, 0x06, 0x07, 0x26, 0x2f, 0x0d, 0x0d, 0x03, 0x14, 0x0a, 0x14,
  0x13, 0x08, 0x05, 0x20, 0x06, 0x07, 0x24, 0x2d, 0x00, 0x01, 0x00, 0x25,
  0x01, 0x30, 0x01, 0xa4, 0x02, 0xbc, 0x00, 0x17, 0x00, 0x00, 0x12, 0x26,
  0x37, 0x13, 0x36, 0x33, 0x33, 0x32, 0x17, 0x13, 0x17, 0x14, 0x23, 0x23,
  0x22, 0x27, 0x03, 0x26, 0x22, 0x07, 0x03, 0x06, 0x23, 0x23, 0x2a, 0x05,
  0x02, 0x91, 0x03, 0x08, 0x43, 0x08, 0x03, 0x92, 0x01, 0x09, 0x3e, 0x09,
  0x03, 0x69, 0x01, 0x04, 0x01, 0x69, 0x03, 0x09, 0x3e, 0x01, 0x30, 0x07,
  0x05, 0x01, 0x78, 0x08, 0x08, 0xfe, 0x88, 0x04, 0x08, 0x08, 0x01, 0x1e,
  0x03, 0x03, 0xfe, 0xe2, 0x08, 0x00, 0x00, 0x01, 0x00, 0x46, 0xff, 0x38,
  0x01, 0xda, 0x01, 0xfd, 0x00, 0x28, 0x00, 0x00, 0x00, 0x33, 0x33, 0x32,
  0x15, 0x11, 0x14, 0x23, 0x23, 0x22, 0x35, 0x35, 0x34, 0x26, 0x07, 0x06,
  0x23, 0x22, 0x27, 0x26, 0x15, 0x15, 0x14, 0x23, 0x23, 0x22, 0x35, 0x11,
  0x34, 0x33, 0x33, 0x32, 0x15, 0x11, 0x16, 0x16, 0x33, 0x32, 0x36, 0x35,
  0x11, 0x01, 0x7b, 0x0a, 0x4b, 0x0a, 0x0a, 0x4b, 0x0a, 0x03, 0x02, 0x29,
  0x52, 0x2c, 0x24, 0x05, 0x0a, 0x4c, 0x0a, 0x0a, 0x4c, 0x0a, 0x05, 0x35,
  0x2d, 0x33, 0x3b, 0x01, 0xfd, 0x0a, 0xfe, 0x17, 0x0a, 0x0a, 0x23, 0x02,
  0x01, 0x02, 0x35, 0x0f, 0x02, 0x05, 0xc3, 0x0a, 0x0a, 0x02, 0xb1, 0x0a,
  0x0a, 0xfe, 0xb6, 0x2b, 0x32, 0x3d, 0x33, 0x01, 0x37, 0x00, 0x00, 0x05,
  0x00, 0x52, 0xff, 0xf7, 0x02, 0xf9, 0x02, 0xc5, 0x00, 0x0f, 0x00, 0x1d,
  0x00, 0x29, 0x00, 0x39, 0x00, 0x45, 0x00, 0x00, 0x12, 0x26, 0x26, 0x35,
  0x34, 0x36, 0x36, 0x33, 0x32, 0x16, 0x16, 0x15, 0x14, 0x06, 0x06, 0x23,
  0x02, 0x26, 0x37, 0x01, 0x36, 0x33, 0x33, 0x32, 0x16, 0x07, 0x01, 0x06,
  0x23, 0x23, 0x12, 0x36, 0x35, 0x34, 0x26, 0x23, 0x22, 0x06, 0x15, 0x14,
  0x16, 0x33, 0x00, 0x26, 0x26, 0x35, 0x34, 0x36, 0x36, 0x33, 0x32, 0x16,
  0x16, 0x15, 0x14, 0x06, 0x06, 0x23, 0x36, 0x36, 0x35, 0x34, 0x26, 0x23,
  0x22, 0x06, 0x15, 0x14, 0x16, 0x33, 0xbf, 0x45, 0x28, 0x28, 0x45, 0x29,
  0x28, 0x44, 0x28, 0x28, 0x44, 0x28, 0x23, 0x04, 0x03, 0x01, 0x7a, 0x04,
  0x08, 0x31, 0x06, 0x04, 0x03, 0xfe, 0x86, 0x03, 0x09, 0x31, 0x42, 0x32,
  0x33, 0x24, 0x25, 0x34, 0x34, 0x25, 0x01, 0x54, 0x45, 0x28, 0x28, 0x45,
  0x29, 0x28, 0x44, 0x28, 0x28, 0x44, 0x28, 0x25, 0x32, 0x33, 0x24, 0x25,
  0x34, 0x34, 0x25, 0x01, 0x9d, 0x28, 0x44, 0x29, 0x28, 0x44, 0x27, 0x28,
  0x43, 0x28, 0x29, 0x44, 0x28, 0xfe, 0x63, 0x07, 0x05, 0x02, 0xa9, 0x07,
  0x07, 0x05, 0xfd, 0x57, 0x07, 0x01, 0xd8, 0x34, 0x26, 0x25, 0x33, 0x33,
  0x25, 0x26, 0x34, 0xfe, 0x1f, 0x28, 0x44, 0x28, 0x28, 0x44, 0x28, 0x28,
  0x44, 0x28, 0x28, 0x44, 0x28, 0x3b, 0x34, 0x25, 0x25, 0x34, 0x34, 0x25,
  0x25, 0x34, 0x00, 0x02, 0x00, 0x36, 0xff, 0xa3, 0x02, 0xff, 0x02, 0x77,
  0x00, 0x57, 0x00, 0x6f, 0x00, 0x00, 0x00, 0x16, 0x16, 0x15, 0x14, 0x07,
  0x06, 0x06, 0x23, 0x22, 0x26, 0x27, 0x26, 0x07, 0x06, 0x06, 0x23, 0x22,
  0x26, 0x27, 0x26, 0x35, 0x34, 0x37, 0x36, 0x37, 0x36, 0x36, 0x33, 0x32,
  0x17, 0x16, 0x36, 0x35, 0x37, 0x36, 0x33, 0x33, 0x32, 0x16, 0x07, 0x07,
  0x06, 0x15, 0x14, 0x16, 0x33, 0x32, 0x36, 0x37, 0x36, 0x35, 0x34, 0x26,
  0x23, 0x22, 0x06, 0x06, 0x15, 0x14, 0x16, 0x16, 0x33, 0x32, 0x36, 0x37,
  0x36, 0x33, 0x32, 0x17, 0x17, 0x16, 0x15, 0x14, 0x07, 0x06, 0x06, 0x23,
  0x22, 0x26, 0x26, 0x35, 0x34, 0x37, 0x3e, 0x02, 0x33, 0x02, 0x36, 0x37,
  0x36, 0x37, 0x37, 0x36, 0x35, 0x27, 0x26, 0x26, 0x23, 0x22, 0x06, 0x07,
  0x06, 0x07, 0x06, 0x15, 0x14, 0x17, 0x16, 0x16, 0x33, 0x02, 0x22, 0x8e,
  0x4f, 0x03, 0x0d, 0x5c, 0x48, 0x23, 0x35, 0x10, 0x03, 0x03, 0x13, 0x36,
  0x1c, 0x38, 0x47, 0x06, 0x02, 0x05, 0x06, 0x0d, 0x10, 0x4d, 0x2f, 0x36,
  0x1b, 0x02, 0x03, 0x02, 0x01, 0x09, 0x2f, 0x05, 0x06, 0x01, 0x1b, 0x01,
  0x21, 0x1d, 0x26, 0x35, 0x09, 0x04, 0x89, 0x71, 0x56, 0x96, 0x5b, 0x3b,
  0x6f, 0x4b, 0x32, 0x5b, 0x18, 0x03, 0x04, 0x04, 0x03, 0x19, 0x02, 0x04,
  0x23, 0x74, 0x3c, 0x5b, 0x89, 0x4b, 0x01, 0x08, 0x73, 0xb0, 0x62, 0x2f,
  0x28, 0x0a, 0x07, 0x03, 0x06, 0x03, 0x01, 0x02, 0x23, 0x1b, 0x1c, 0x2c,
  0x0a, 0x08, 0x07, 0x05, 0x02, 0x02, 0x25, 0x1d, 0x02, 0x77, 0x4a, 0x87,
  0x59, 0x1a, 0x1b, 0x5f, 0x68, 0x18, 0x17, 0x05, 0x05, 0x15, 0x18, 0x36,
  0x2b, 0x12, 0x0a, 0x17, 0x23, 0x34, 0x21, 0x2f, 0x34, 0x21, 0x02, 0x02,
  0x02, 0x11, 0x09, 0x07, 0x04, 0xc9, 0x06, 0x0b, 0x20, 0x29, 0x46, 0x40,
  0x24, 0x10, 0x70, 0x80, 0x50, 0x9a, 0x6b, 0x4b, 0x75, 0x41, 0x17, 0x11,
  0x02, 0x04, 0x1e, 0x02, 0x04, 0x05, 0x03, 0x1a, 0x20, 0x50, 0x93, 0x60,
  0x17, 0x0c, 0x6f, 0xa6, 0x59, 0xfe, 0x16, 0x20, 0x1a, 0x0f, 0x14, 0x2e,
  0x1b, 0x0b, 0x11, 0x19, 0x20, 0x20, 0x18, 0x14, 0x34, 0x1d, 0x12, 0x08,
  0x0a, 0x1a, 0x20, 0x00, 0x00, 0x03, 0x00, 0x2f, 0xff, 0xf8, 0x02, 0x6a,
  0x02, 0xc4, 0x00, 0x37, 0x00, 0x45, 0x00, 0x55, 0x00, 0x00, 0x24, 0x15,
  0x14, 0x23, 0x23, 0x22, 0x27, 0x27, 0x26, 0x07, 0x06, 0x06, 0x23, 0x22,
  0x26, 0x35, 0x34, 0x36, 0x37, 0x36, 0x27, 0x26, 0x26, 0x35, 0x34, 0x36,
  0x36, 0x33, 0x32, 0x16, 0x15, 0x14, 0x06, 0x07, 0x06, 0x17, 0x16, 0x17,
  0x17, 0x16, 0x32, 0x37, 0x36, 0x37, 0x36, 0x17, 0x17, 0x16, 0x07, 0x06,
  0x07, 0x15, 0x14, 0x17, 0x16, 0x17, 0x00, 0x06, 0x15, 0x14, 0x16, 0x17,
  0x16, 0x37, 0x36, 0x36, 0x35, 0x34, 0x26, 0x23, 0x12, 0x37, 0x36, 0x27,
  0x27, 0x26, 0x27, 0x27, 0x26, 0x07, 0x06, 0x06, 0x15, 0x14, 0x16, 0x33,
  0x02, 0x6a, 0x08, 0x56, 0x07, 0x05, 0x33, 0x02, 0x04, 0x2f, 0x64, 0x38,
  0x5a, 0x73, 0x4d, 0x43, 0x04, 0x03, 0x38, 0x24, 0x2d, 0x53, 0x35, 0x52,
  0x6a, 0x49, 0x40, 0x04, 0x03, 0x26, 0x57, 0x04, 0x01, 0x04, 0x01, 0x2c,
  0x15, 0x05, 0x08, 0x39, 0x09, 0x06, 0x2c, 0x27, 0x03, 0x23, 0x38, 0xfe,
  0x8d, 0x30, 0x1b, 0x2c, 0x03, 0x03, 0x31, 0x33, 0x32, 0x27, 0x28, 0x4a,
  0x03, 0x03, 0x22, 0x1e, 0x06, 0x49, 0x01, 0x04, 0x34, 0x36, 0x3b, 0x32,
  0x09, 0x03, 0x06, 0x06, 0x3a, 0x03, 0x02, 0x26, 0x23, 0x55, 0x52, 0x45,
  0x5f, 0x2c, 0x02, 0x03, 0x44, 0x47, 0x26, 0x2d, 0x49, 0x29, 0x5a, 0x49,
  0x3d, 0x5b, 0x2b, 0x01, 0x04, 0x2e, 0x63, 0x05, 0x02, 0x01, 0x37, 0x1e,
  0x08, 0x05, 0x20, 0x05, 0x09, 0x43, 0x29, 0x02, 0x02, 0x05, 0x2a, 0x41,
  0x02, 0x60, 0x2b, 0x24, 0x14, 0x2f, 0x37, 0x03, 0x02, 0x20, 0x3a, 0x23,
  0x23, 0x2a, 0xfd, 0xde, 0x37, 0x03, 0x03, 0x29, 0x22, 0x06, 0x52, 0x03,
  0x02, 0x22, 0x40, 0x29, 0x28, 0x2e, 0x00, 0x01, 0x00, 0x20, 0xff, 0x38,
  0x02, 0x04, 0x02, 0xbc, 0x00, 0x1f, 0x00, 0x00, 0x01, 0x32, 0x15, 0x11,
  0x14, 0x23, 0x23, 0x22, 0x35, 0x11, 0x34, 0x23, 0x23, 0x22, 0x15, 0x11,
  0x14, 0x23, 0x23, 0x22, 0x35, 0x11, 0x34, 0x23, 0x2e, 0x02, 0x35, 0x34,
  0x36, 0x36, 0x33, 0x01, 0xfa, 0x0a, 0x0a, 0x34, 0x0a, 0x04, 0x76, 0x04,
  0x0a, 0x35, 0x0a, 0x04, 0x3c, 0x60, 0x35, 0x3a, 0x68, 0x43, 0x02, 0xbc,
  0x0a, 0xfc, 0x90, 0x0a, 0x0a, 0x03, 0x30, 0x04, 0x04, 0xfc, 0xd0, 0x0a,
  0x0a, 0x01, 0xb4, 0x04, 0x04, 0x3d, 0x63, 0x3d, 0x40, 0x66, 0x3b, 0x00,
  0x00, 0x02, 0x00, 0x2f, 0xff, 0x31, 0x01, 0xa3, 0x02, 0xc3, 0x00, 0x49,
  0x00, 0x5a, 0x00, 0x00, 0x16, 0x26, 0x27, 0x27, 0x34, 0x33, 0x33, 0x32,
  0x15, 0x15, 0x14, 0x16, 0x33, 0x32, 0x36, 0x35, 0x34, 0x26, 0x26, 0x27,
  0x26, 0x26, 0x27, 0x26, 0x35, 0x34, 0x37, 0x36, 0x37, 0x36, 0x27, 0x26,
  0x26, 0x35, 0x34, 0x36, 0x36, 0x33, 0x32, 0x16, 0x17, 0x15, 0x14, 0x23,
  0x23, 0x22, 0x35, 0x35, 0x34, 0x26, 0x23, 0x22, 0x06, 0x15, 0x14, 0x16,
  0x17, 0x16, 0x16, 0x17, 0x16, 0x15, 0x14, 0x07, 0x06, 0x07, 0x06, 0x17,
  0x16, 0x15, 0x14, 0x06, 0x06, 0x23, 0x12, 0x37, 0x36, 0x35, 0x34, 0x27,
  0x26, 0x23, 0x22, 0x06, 0x07, 0x06, 0x15, 0x14, 0x17, 0x16, 0x33, 0x96,
  0x5c, 0x02, 0x01, 0x0a, 0x4c, 0x0a, 0x2e, 0x26, 0x24, 0x30, 0x21, 0x30,
  0x2e, 0x2e, 0x3a, 0x12, 0x17, 0x1b, 0x1b, 0x2f, 0x06, 0x05, 0x2a, 0x36,
  0x2e, 0x52, 0x35, 0x4d, 0x64, 0x01, 0x0a, 0x4c, 0x0a, 0x2f, 0x24, 0x25,
  0x2f, 0x3d, 0x39, 0x27, 0x37, 0x15, 0x25, 0x1a, 0x1b, 0x2d, 0x05, 0x04,
  0x5f, 0x30, 0x54, 0x35, 0x37, 0x18, 0x0e, 0x12, 0x1a, 0x2e, 0x18, 0x28,
  0x0c, 0x0e, 0x0e, 0x1b, 0x30, 0xcf, 0x59, 0x4c, 0x1c, 0x0a, 0x0a, 0x0e,
  0x2c, 0x35, 0x33, 0x26, 0x1f, 0x27, 0x16, 0x10, 0x11, 0x23, 0x1e, 0x26,
  0x32, 0x3a, 0x28, 0x28, 0x0f, 0x02, 0x03, 0x12, 0x4c, 0x32, 0x2c, 0x4b,
  0x2c, 0x5b, 0x49, 0x14, 0x0a, 0x0a, 0x0b, 0x28, 0x33, 0x34, 0x26, 0x29,
  0x30, 0x12, 0x0d, 0x1c, 0x18, 0x28, 0x42, 0x37, 0x2b, 0x2f, 0x0a, 0x01,
  0x03, 0x2f, 0x60, 0x30, 0x49, 0x29, 0x01, 0x69, 0x26, 0x17, 0x22, 0x28,
  0x16, 0x21, 0x18, 0x14, 0x15, 0x21, 0x21, 0x15, 0x26, 0x00, 0x00, 0x03,
  0x00, 0x3f, 0xff, 0xf8, 0x03, 0x13, 0x02, 0xc4, 0x00, 0x0f, 0x00, 0x1f,
  0x00, 0x44, 0x00, 0x00, 0x04, 0x26, 0x26, 0x35, 0x34, 0x36, 0x36, 0x33,
  0x32, 0x16, 0x16, 0x15, 0x14, 0x06, 0x06, 0x23, 0x3e, 0x02, 0x35, 0x34,
  0x26, 0x26, 0x23, 0x22, 0x06, 0x06, 0x15, 0x14, 0x16, 0x16, 0x33, 0x26,
  0x26, 0x35, 0x35, 0x34, 0x36, 0x33, 0x32, 0x16, 0x15, 0x14, 0x06, 0x23,
  0x23, 0x22, 0x35, 0x34, 0x26, 0x23, 0x22, 0x06, 0x15, 0x15, 0x14, 0x16,
  0x33, 0x32, 0x36, 0x35, 0x34, 0x33, 0x33, 0x32, 0x15, 0x14, 0x06, 0x23,
  0x01, 0x41, 0xa4, 0x5e, 0x5e, 0xa5, 0x66, 0x67, 0xa6, 0x5e, 0x5e, 0xa6,
  0x67, 0x54, 0x86, 0x4c, 0x4c, 0x86, 0x54, 0x54, 0x85, 0x4b, 0x4b, 0x85,
  0x54, 0x32, 0x3f, 0x3f, 0x34, 0x34, 0x3f, 0x06, 0x04, 0x23, 0x0a, 0x21,
  0x1b, 0x1b, 0x20, 0x20, 0x1b, 0x1a, 0x22, 0x0a, 0x23, 0x0a, 0x40, 0x33,
  0x08, 0x5d, 0xa4, 0x66, 0x65, 0xa3, 0x5d, 0x5d, 0xa3, 0x65, 0x66, 0xa4,
  0x5d, 0x42, 0x4c, 0x86, 0x53, 0x52, 0x85, 0x4c, 0x4c, 0x85, 0x52, 0x53,
  0x86, 0x4c, 0x72, 0x3a, 0x31, 0x90, 0x30, 0x3a, 0x38, 0x2f, 0x04, 0x05,
  0x0a, 0x18, 0x1e, 0x1d, 0x19, 0x99, 0x18, 0x1e, 0x1e, 0x18, 0x0a, 0x09,
  0x2e, 0x39, 0x00, 0x04, 0x00, 0x19, 0x01, 0x3e, 0x01, 0xa8, 0x02, 0xc8,
  0x00, 0x0f, 0x00, 0x1f, 0x00, 0x3e, 0x00, 0x4b, 0x00, 0x00, 0x00, 0x16,
  0x16, 0x15, 0x14, 0x06, 0x06, 0x23, 0x22, 0x26, 0x26, 0x35, 0x34, 0x36,
  0x36, 0x33, 0x12, 0x36, 0x36, 0x35, 0x34, 0x26, 0x26, 0x23, 0x22, 0x06,
  0x06, 0x15, 0x14, 0x16, 0x16, 0x33, 0x36, 0x07, 0x06, 0x17, 0x17, 0x16,
  0x15, 0x14, 0x23, 0x23, 0x22, 0x27, 0x27, 0x26, 0x23, 0x23, 0x22, 0x15,
  0x15, 0x14, 0x23, 0x23, 0x22, 0x35, 0x35, 0x34, 0x33, 0x33, 0x32, 0x16,
  0x15, 0x26, 0x15, 0x15, 0x14, 0x33, 0x33, 0x32, 0x36, 0x35, 0x34, 0x26,
  0x23, 0x23, 0x01, 0x18, 0x5b, 0x35, 0x35, 0x5b, 0x38, 0x37, 0x5b, 0x35,
  0x35, 0x5b, 0x37, 0x2b, 0x46, 0x29, 0x29, 0x46, 0x2b, 0x2a, 0x46, 0x29,
  0x28, 0x47, 0x2a, 0x42, 0x1a, 0x03, 0x01, 0x19, 0x01, 0x08, 0x13, 0x09,
  0x03, 0x17, 0x01, 0x03, 0x0c, 0x04, 0x0a, 0x10, 0x0a, 0x0a, 0x38, 0x18,
  0x1e, 0x54, 0x04, 0x15, 0x0a, 0x0d, 0x0c, 0x0b, 0x15, 0x02, 0xc8, 0x33,
  0x59, 0x36, 0x38, 0x5c, 0x34, 0x34, 0x5c, 0x38, 0x36, 0x59, 0x33, 0xfe,
  0xa2, 0x29, 0x47, 0x2c, 0x29, 0x45, 0x28, 0x28, 0x45, 0x29, 0x2c, 0x47,
  0x29, 0x9c, 0x0d, 0x03, 0x03, 0x3e, 0x02, 0x03, 0x07, 0x08, 0x3f, 0x03,
  0x04, 0x3c, 0x0a, 0x0a, 0xa1, 0x0a, 0x1f, 0x18, 0x18, 0x04, 0x29, 0x04,
  0x0d, 0x0b, 0x0c, 0x0d, 0x00, 0x02, 0x00, 0x19, 0x01, 0xe1, 0x01, 0x62,
  0x03, 0x28, 0x00, 0x0f, 0x00, 0x1b, 0x00, 0x00, 0x12, 0x26, 0x26, 0x35,
  0x34, 0x36, 0x36, 0x33, 0x32, 0x16, 0x16, 0x15, 0x14, 0x06, 0x06, 0x23,
  0x36, 0x36, 0x35, 0x34, 0x26, 0x23, 0x22, 0x06, 0x15, 0x14, 0x16, 0x33,
  0x90, 0x4b, 0x2c, 0x2c, 0x4b, 0x2d, 0x2e, 0x4b, 0x2c, 0x2c, 0x4b, 0x2e,
  0x2a, 0x3a, 0x3a, 0x2a, 0x29, 0x3a, 0x3a, 0x29, 0x01, 0xe1, 0x2c, 0x4b,
  0x2d, 0x2d, 0x4b, 0x2b, 0x2b, 0x4b, 0x2d, 0x2d, 0x4b, 0x2c, 0x41, 0x39,
  0x2a, 0x2a, 0x3a, 0x3a, 0x2a, 0x2a, 0x39, 0x00, 0x00, 0x01, 0x00, 0x2a,
  0xff, 0xb0, 0x00, 0x8a, 0x02, 0xf8, 0x00, 0x0b, 0x00, 0x00, 0x16, 0x35,
  0x11, 0x34, 0x33, 0x33, 0x32, 0x15, 0x11, 0x14, 0x23, 0x23, 0x2a, 0x0a,
  0x4c, 0x0a, 0x0a, 0x4c, 0x50, 0x0a, 0x03, 0x34, 0x0a, 0x0a, 0xfc, 0xcc,
  0x0a, 0x00, 0x00, 0x02, 0x00, 0x2a, 0xff, 0xb0, 0x00, 0x8a, 0x02, 0xf8,
  0x00, 0x0b, 0x00, 0x17, 0x00, 0x00, 0x12, 0x35, 0x11, 0x34, 0x33, 0x33,
  0x32, 0x15, 0x11, 0x14, 0x23, 0x23, 0x02, 0x35, 0x11, 0x34, 0x33, 0x33,
  0x32, 0x15, 0x11, 0x14, 0x23, 0x23, 0x2a, 0x0a, 0x4c, 0x0a, 0x0a, 0x4c,
  0x0a, 0x0a, 0x4c, 0x0a, 0x0a, 0x4c, 0x01, 0x8f, 0x0a, 0x01, 0x55, 0x0a,
  0x0a, 0xfe, 0xab, 0x0a, 0xfe, 0x21, 0x0a, 0x01, 0x55, 0x0a, 0x0a, 0xfe,
  0xab, 0x0a, 0xff, 0xff, 0xfe, 0xca, 0x02, 0x51, 0x00, 0x00, 0x02, 0xd1,
  0x00, 0x26, 0x00, 0xcf, 0x06, 0x04, 0x00, 0x07, 0x00, 0xcf, 0xff, 0x50,
  0x00, 0x04, 0x00, 0x01, 0xff, 0x7a, 0x02, 0x4d, 0xff, 0xfa, 0x02, 0xcd,
  0x00, 0x0b, 0x00, 0x00, 0x02, 0x26, 0x35, 0x34, 0x36, 0x33, 0x32, 0x16,
  0x15, 0x14, 0x06, 0x23, 0x62, 0x24, 0x24, 0x1c, 0x1c, 0x24, 0x24, 0x1c,
  0x02, 0x4d, 0x24, 0x1c, 0x1c, 0x24, 0x24, 0x1c, 0x1c, 0x24, 0x00, 0x01,
  0xff, 0x69, 0x02, 0x3d, 0xff, 0xfc, 0x02, 0xbc, 0x00, 0x10, 0x00, 0x00,
  0x02, 0x15, 0x14, 0x06, 0x23, 0x23, 0x22, 0x27, 0x27, 0x26, 0x35, 0x34,
  0x33, 0x33, 0x32, 0x17, 0x17, 0x04, 0x05, 0x04, 0x36, 0x07, 0x05, 0x46,
  0x02, 0x08, 0x43, 0x09, 0x03, 0x3b, 0x02, 0x47, 0x03, 0x03, 0x04, 0x07,
  0x6c, 0x04, 0x02, 0x06, 0x07, 0x6c, 0x00, 0x01, 0xff, 0x31, 0x02, 0x3d,
  0xff, 0xc7, 0x02, 0xbc, 0x00, 0x0d, 0x00, 0x00, 0x02, 0x26, 0x37, 0x37,
  0x36, 0x33, 0x33, 0x32, 0x16, 0x07, 0x07, 0x06, 0x23, 0x23, 0xca, 0x05,
  0x03, 0x3b, 0x03, 0x09, 0x43, 0x06, 0x03, 0x03, 0x47, 0x05, 0x07, 0x35,
  0x02, 0x3d, 0x07, 0x05, 0x6c, 0x07, 0x07, 0x05, 0x6c, 0x07, 0x00, 0x01,
  0xfe, 0xcd, 0x02, 0x3d, 0xff, 0xe0, 0x02, 0xbc, 0x00, 0x19, 0x00, 0x00,
  0x00, 0x26, 0x37, 0x37, 0x36, 0x33, 0x33, 0x32, 0x17, 0x17, 0x16, 0x15,
  0x14, 0x06, 0x23, 0x23, 0x22, 0x27, 0x27, 0x26, 0x22, 0x07, 0x07, 0x06,
  0x23, 0x23, 0xfe, 0xd1, 0x04, 0x04, 0x4f, 0x04, 0x09, 0x55, 0x09, 0x04,
  0x4f, 0x02, 0x04, 0x04, 0x3b, 0x08, 0x04, 0x35, 0x01, 0x04, 0x01, 0x37,
  0x04, 0x08, 0x3c, 0x02, 0x3d, 0x07, 0x05, 0x6d, 0x06, 0x06, 0x6d, 0x02,
  0x04, 0x02, 0x04, 0x06, 0x4c, 0x02, 0x02, 0x4c, 0x06, 0x00, 0x00, 0x02,
  0xff, 0x24, 0x02, 0x3d, 0x00, 0x0a, 0x03, 0x20, 0x00, 0x0b, 0x00, 0x17,
  0x00, 0x00, 0x02, 0x26, 0x35, 0x34, 0x36, 0x33, 0x32, 0x16, 0x15, 0x14,
  0x06, 0x23, 0x36, 0x36, 0x35, 0x34, 0x26, 0x23, 0x22, 0x06, 0x15, 0x14,
  0x16, 0x33, 0x99, 0x43, 0x43, 0x30, 0x31, 0x42, 0x42, 0x31, 0x19, 0x24,
  0x24, 0x19, 0x19, 0x23, 0x23, 0x19, 0x02, 0x3d, 0x42, 0x30, 0x30, 0x41,
  0x41, 0x30, 0x30, 0x42, 0x36, 0x23, 0x19, 0x19, 0x23, 0x23, 0x19, 0x19,
  0x23, 0x00, 0x00, 0x01, 0xfe, 0xc4, 0x02, 0x51, 0xff, 0xfc, 0x02, 0xbd,
  0x00, 0x24, 0x00, 0x00, 0x02, 0x26, 0x27, 0x26, 0x26, 0x23, 0x22, 0x07,
  0x07, 0x06, 0x22, 0x27, 0x27, 0x26, 0x37, 0x36, 0x36, 0x33, 0x32, 0x16,
  0x16, 0x17, 0x1e, 0x02, 0x33, 0x32, 0x37, 0x36, 0x17, 0x17, 0x16, 0x16,
  0x07, 0x06, 0x06, 0x23, 0x76, 0x1c, 0x11, 0x13, 0x13, 0x0b, 0x20, 0x15,
  0x04, 0x02, 0x07, 0x03, 0x1c, 0x07, 0x05, 0x11, 0x30, 0x1d, 0x11, 0x19,
  0x16, 0x04, 0x04, 0x15, 0x11, 0x08, 0x1f, 0x15, 0x06, 0x08, 0x19, 0x03,
  0x01, 0x02, 0x0c, 0x33, 0x1e, 0x02, 0x51, 0x0a, 0x0a, 0x0a, 0x08, 0x16,
  0x04, 0x03, 0x03, 0x1c, 0x07, 0x07, 0x1a, 0x1c, 0x09, 0x0c, 0x02, 0x02,
  0x0c, 0x05, 0x1b, 0x0a, 0x08, 0x1c, 0x04, 0x06, 0x04, 0x19, 0x1c, 0x00,
  0xff, 0xff, 0x00, 0x1c, 0x02, 0x3d, 0x00, 0xb2, 0x02, 0xbc, 0x00, 0x03,
  0x00, 0xd1, 0x00, 0xeb, 0x00, 0x00, 0x00, 0x01, 0x00, 0x00, 0xff, 0x44,
  0x00, 0x97, 0x00, 0x00, 0x00, 0x1c, 0x00, 0x00, 0x14, 0x37, 0x37, 0x36,
  0x36, 0x17, 0x16, 0x33, 0x32, 0x36, 0x35, 0x34, 0x27, 0x26, 0x35, 0x34,
  0x33, 0x33, 0x32, 0x17, 0x16, 0x15, 0x14, 0x07, 0x06, 0x06, 0x23, 0x22,
  0x27, 0x02, 0x05, 0x01, 0x07, 0x04, 0x0b, 0x0b, 0x13, 0x18, 0x32, 0x04,
  0x08, 0x29, 0x08, 0x05, 0x3b, 0x03, 0x08, 0x32, 0x20, 0x18, 0x19, 0xb2,
  0x09, 0x21, 0x05, 0x03, 0x01, 0x03, 0x15, 0x15, 0x26, 0x28, 0x03, 0x04,
  0x05, 0x04, 0x2f, 0x35, 0x0d, 0x0a, 0x21, 0x1c, 0x07, 0x00, 0xff, 0xff,
  0x00, 0x19, 0x02, 0x51, 0x01, 0x4f, 0x02, 0xd1, 0x00, 0x03, 0x00, 0xce,
  0x01, 0x4f, 0x00, 0x00, 0xff, 0xff, 0x00, 0x20, 0x02, 0x3d, 0x00, 0xb3,
  0x02, 0xbc, 0x00, 0x03, 0x00, 0xd0, 0x00, 0xb7, 0x00, 0x00, 0x00, 0x01,
  0x00, 0x00, 0x02, 0x4c, 0x01, 0x16, 0x02, 0x8f, 0x00, 0x0b, 0x00, 0x00,
  0x10, 0x35, 0x35, 0x34, 0x33, 0x21, 0x32, 0x15, 0x15, 0x14, 0x23, 0x21,
  0x0a, 0x01, 0x02, 0x0a, 0x0a, 0xfe, 0xfe, 0x02, 0x4c, 0x0a, 0x2f, 0x0a,
  0x0a, 0x2f, 0x0a, 0x00, 0x00, 0x01, 0x00, 0x00, 0x00, 0xda, 0x00, 0x70,
  0x00, 0x05, 0x00, 0x9d, 0x00, 0x07, 0x00, 0x01, 0x00, 0x00, 0x00, 0x00,
  0x00, 0x00, 0x00, 0x00, 0x00, 0x00, 0x00, 0x00, 0x00, 0x04, 0x00, 0x04,
  0x00, 0x00, 0x00, 0x00, 0x00, 0x00, 0x00, 0x3b, 0x00, 0x47, 0x00, 0x53,
  0x00, 0x5f, 0x00, 0x6b, 0x00, 0x77, 0x00, 0x83, 0x00, 0xd2, 0x01, 0x11,
  0x01, 0x4d, 0x01, 0xad, 0x01, 0xd6, 0x02, 0x18, 0x02, 0x47, 0x02, 0x53,
  0x02, 0x5f, 0x02, 0x6b, 0x02, 0x77, 0x02, 0xa0, 0x02, 0xdf, 0x03, 0x10,
  0x03, 0x24, 0x03, 0x30, 0x03, 0x3c, 0x03, 0x48, 0x03, 0x54, 0x03, 0x7c,
  0x03, 0xb9, 0x03, 0xd4, 0x04, 0x10, 0x04, 0x42, 0x04, 0x4e, 0x04, 0x7d,
  0x04, 0x89, 0x04, 0x95, 0x04, 0xa1, 0x04, 0xad, 0x05, 0x13, 0x05, 0x1f,
  0x05, 0x50, 0x05, 0x86, 0x05, 0xc1, 0x06, 0x02, 0x06, 0x4c, 0x06, 0x6e,
  0x06, 0x97, 0x06, 0xa3, 0x06, 0xaf, 0x06, 0xbb, 0x06, 0xc7, 0x06, 0xed,
  0x07, 0x31, 0x07, 0x75, 0x07, 0xa5, 0x07, 0xb1, 0x07, 0xe0, 0x08, 0x2a,
  0x08, 0x36, 0x08, 0x42, 0x08, 0x4e, 0x08, 0x5a, 0x08, 0x66, 0x08, 0x72,
  0x08, 0xf6, 0x09, 0x3e, 0x09, 0x8c, 0x09, 0xfd, 0x0a, 0x46, 0x0a, 0xc5,
  0x0b, 0x10, 0x0b, 0x1c, 0x0b, 0x28, 0x0b, 0x34, 0x0b, 0x40, 0x0b, 0x78,
  0x0b, 0xd6, 0x0c, 0x06, 0x0c, 0x2b, 0x0c, 0x3f, 0x0c, 0x4b, 0x0c, 0x57,
  0x0c, 0x63, 0x0c, 0x6f, 0x0c, 0x9e, 0x0c, 0xd7, 0x0c, 0xeb, 0x0d, 0x35,
  0x0d, 0x65, 0x0d, 0x71, 0x0d, 0xae, 0x0d, 0xba, 0x0d, 0xc6, 0x0d, 0xd2,
  0x0d, 0xde, 0x0e, 0x4f, 0x0e, 0x5b, 0x0e, 0xa3, 0x0e, 0xf5, 0x0f, 0x3e,
  0x0f, 0x6d, 0x0f, 0xb4, 0x0f, 0xf9, 0x10, 0x31, 0x10, 0x62, 0x10, 0x6e,
  0x10, 0x7a, 0x10, 0x86, 0x10, 0x92, 0x10, 0xb9, 0x10, 0xfd, 0x11, 0x3a,
  0x11, 0x70, 0x11, 0x7c, 0x11, 0x88, 0x11, 0xb7, 0x12, 0x0d, 0x12, 0x59,
  0x12, 0x84, 0x12, 0xa9, 0x12, 0xe8, 0x13, 0x40, 0x13, 0x7d, 0x13, 0xd3,
  0x14, 0x25, 0x14, 0x4f, 0x14, 0xbb, 0x15, 0x0e, 0x15, 0x30, 0x15, 0x6a,
  0x15, 0xc1, 0x15, 0xfc, 0x16, 0x05, 0x16, 0x0e, 0x16, 0x17, 0x16, 0x20,
  0x16, 0x29, 0x16, 0x44, 0x16, 0x54, 0x16, 0x64, 0x16, 0x74, 0x16, 0x7d,
  0x16, 0x97, 0x16, 0xa4, 0x16, 0xcd, 0x16, 0xdd, 0x17, 0x02, 0x17, 0x28,
  0x17, 0x6f, 0x17, 0xb7, 0x17, 0xc0, 0x17, 0xd6, 0x18, 0x3c, 0x18, 0xb9,
  0x18, 0xd0, 0x18, 0xea, 0x19, 0x11, 0x19, 0x39, 0x19, 0x77, 0x19, 0xb6,
  0x19, 0xd7, 0x19, 0xf8, 0x1a, 0x0d, 0x1a, 0x15, 0x1a, 0x2a, 0x1a, 0x3f,
  0x1a, 0x53, 0x1a, 0x5b, 0x1a, 0x88, 0x1a, 0xb5, 0x1a, 0xcf, 0x1a, 0xe9,
  0x1b, 0x2c, 0x1b, 0x38, 0x1b, 0x5d, 0x1b, 0x80, 0x1b, 0x95, 0x1b, 0x95,
  0x1b, 0xfe, 0x1c, 0x7a, 0x1c, 0xdc, 0x1d, 0x2d, 0x1d, 0x87, 0x1d, 0xb4,
  0x1d, 0xc9, 0x1e, 0x0f, 0x1e, 0x43, 0x1e, 0x4e, 0x1e, 0x75, 0x1e, 0x9d,
  0x1e, 0xa9, 0x1e, 0xc4, 0x1e, 0xfc, 0x1f, 0x25, 0x1f, 0x5d, 0x1f, 0xc5,
  0x20, 0x62, 0x20, 0xe1, 0x21, 0x0e, 0x21, 0x8b, 0x21, 0xe7, 0x22, 0x4e,
  0x22, 0x7a, 0x22, 0x8f, 0x22, 0xb3, 0x22, 0xbf, 0x22, 0xd5, 0x22, 0xf1,
  0x23, 0x0b, 0x23, 0x35, 0x23, 0x5b, 0x23, 0x96, 0x23, 0x9f, 0x23, 0xcb,
  0x23, 0xd4, 0x23, 0xdd, 0x23, 0xf2, 0x00, 0x00, 0x00, 0x01, 0x00, 0x00,
  0x00, 0x01, 0x68, 0x72, 0x32, 0x9a, 0x5e, 0x3c, 0x5f, 0x0f, 0x3c, 0xf5,
  0x00, 0x07, 0x03, 0xe8, 0x00, 0x00, 0x00, 0x00, 0xd8, 0x07, 0xfc, 0x97,
  0x00, 0x00, 0x00, 0x00, 0xd8, 0x08, 0x07, 0xc0, 0xfd, 0xa4, 0xff, 0x2f,
  0x04, 0x69, 0x04, 0x41, 0x00, 0x00, 0x00, 0x07, 0x00, 0x02, 0x00, 0x00,
  0x00, 0x00, 0x00, 0x00, 0x01, 0xb6, 0x00, 0x00, 0x00, 0xc8, 0x00, 0x00,
  0x02, 0x76, 0x00, 0x1e, 0x02, 0x76, 0x00, 0x1e, 0x02, 0x76, 0x00, 0x1e,
  0x02, 0x76, 0x00, 0x1e, 0x02, 0x76, 0x00, 0x1e, 0x02, 0x76, 0x00, 0x1e,
  0x02, 0x76, 0x00, 0x1e, 0x03, 0xa7, 0x00, 0x21, 0x02, 0x70, 0x00, 0x52,
  0x02, 0x5f, 0x00, 0x3f, 0x02, 0x5f, 0x00, 0x3f, 0x02, 0x6a, 0x00, 0x52,
  0x02, 0xa6, 0x00, 0x52, 0x02, 0x56, 0x00, 0x52, 0x02, 0x56, 0x00, 0x52,
  0x02, 0x56, 0x00, 0x52, 0x02, 0x56, 0x00, 0x52, 0x02, 0x56, 0x00, 0x52,
  0x02, 0x35, 0x00, 0x52, 0x02, 0x65, 0x00, 0x3f, 0x02, 0x85, 0x00, 0x52,
  0x01, 0x04, 0x00, 0x52, 0x01, 0x04, 0x00, 0x4e, 0x01, 0x04, 0xff, 0xf8,
  0x01, 0x04, 0xff, 0xe7, 0x01, 0x04, 0x00, 0x15, 0x02, 0x43, 0x00, 0x19,
  0x02, 0x68, 0x00, 0x52, 0x02, 0x3a, 0x00, 0x52, 0x02, 0xcb, 0x00, 0x52,
  0x02, 0xa1, 0x00, 0x52, 0x02, 0xa0, 0x00, 0x52, 0x02, 0x6e, 0x00, 0x3f,
  0x02, 0x6e, 0x00, 0x3f, 0x02, 0x6e, 0x00, 0x3f, 0x02, 0x6e, 0x00, 0x3f,
  0x02, 0x6e, 0x00, 0x3f, 0x02, 0x6e, 0x00, 0x24, 0x02, 0x6e, 0x00, 0x3f,
  0x02, 0x51, 0x00, 0x4c, 0x02, 0x3c, 0x00, 0x4c, 0x02, 0x46, 0x00, 0x34,
  0x02, 0x65, 0x00, 0x52, 0x02, 0x4c, 0x00, 0x2f, 0x02, 0x3e, 0x00, 0x26,
  0x02, 0x81, 0x00, 0x4b, 0x02, 0x81, 0x00, 0x4b, 0x02, 0x81, 0x00, 0x4b,
  0x02, 0x81, 0x00, 0x4b, 0x02, 0x81, 0x00, 0x4b, 0x02, 0x59, 0x00, 0x20,
  0x03, 0x6e, 0x00, 0x19, 0x02, 0x5c, 0x00, 0x21, 0x02, 0x49, 0x00, 0x22,
  0x02, 0x49, 0x00, 0x22, 0x02, 0x27, 0x00, 0x29, 0x02, 0x05, 0x00, 0x26,
  0x02, 0x05, 0x00, 0x26, 0x02, 0x05, 0x00, 0x26, 0x02, 0x05, 0x00, 0x26,
  0x02, 0x05, 0x00, 0x26, 0x02, 0x05, 0x00, 0x26, 0x02, 0x05, 0x00, 0x26,
  0x03, 0x42, 0x00, 0x26, 0x02, 0x29, 0x00, 0x47, 0x02, 0x0e, 0x00, 0x37,
  0x02, 0x0e, 0x00, 0x37, 0x02, 0x29, 0x00, 0x38, 0x02, 0x1a, 0x00, 0x37,
  0x02, 0x18, 0x00, 0x38, 0x02, 0x19, 0x00, 0x38, 0x02, 0x19, 0x00, 0x38,
  0x02, 0x19, 0x00, 0x38, 0x02, 0x19, 0x00, 0x38, 0x01, 0x6f, 0x00, 0x1f,
  0x02, 0x1f, 0x00, 0x34, 0x02, 0x1e, 0x00, 0x46, 0x00, 0xff, 0x00, 0x40,
  0x00, 0xdd, 0x00, 0x3e, 0x00, 0xdd, 0x00, 0x3a, 0x00, 0xdd, 0xff, 0xe4,
  0x00, 0xdd, 0xff, 0xd3, 0x00, 0xdd, 0x00, 0x01, 0x00, 0xf8, 0xff, 0xd4,
  0x02, 0x00, 0x00, 0x46, 0x00, 0xeb, 0x00, 0x46, 0x03, 0x3a, 0x00, 0x46,
  0x02, 0x1e, 0x00, 0x46, 0x02, 0x1e, 0x00, 0x46, 0x02, 0x2b, 0x00, 0x36,
  0x02, 0x1d, 0x00, 0x36, 0x02, 0x1d, 0x00, 0x36, 0x02, 0x1d, 0x00, 0x36,
  0x02, 0x1d, 0x00, 0x36, 0x02, 0x12, 0x00, 0x2b, 0x02, 0x1d, 0x00, 0x36,
  0x02, 0x2e, 0x00, 0x4c, 0x02, 0x20, 0x00, 0x46, 0x02, 0x2e, 0x00, 0x38,
  0x01, 0x73, 0x00, 0x46, 0x01, 0xe7, 0x00, 0x30, 0x02, 0x33, 0x00, 0x47,
  0x01, 0x71, 0x00, 0x20, 0x02, 0x1a, 0x00, 0x3f, 0x02, 0x1d, 0x00, 0x3f,
  0x02, 0x1d, 0x00, 0x3f, 0x02, 0x1d, 0x00, 0x3f, 0x02, 0x1d, 0x00, 0x3f,
  0x01, 0xeb, 0x00, 0x1c, 0x02, 0xe7, 0x00, 0x1b, 0x01, 0xf3, 0x00, 0x18,
  0x01, 0xdc, 0x00, 0x16, 0x01, 0xdc, 0x00, 0x16, 0x01, 0xdc, 0x00, 0x16,
  0x01, 0xc3, 0x00, 0x1e, 0x01, 0x46, 0x00, 0x13, 0x01, 0x66, 0x00, 0x1c,
  0x02, 0x36, 0x00, 0x3e, 0x01, 0x60, 0x00, 0x32, 0x02, 0x20, 0x00, 0x34,
  0x02, 0x0c, 0x00, 0x2c, 0x02, 0x3a, 0x00, 0x2b, 0x02, 0x0b, 0x00, 0x3a,
  0x02, 0x0b, 0x00, 0x39, 0x01, 0xe1, 0x00, 0x1f, 0x02, 0x0f, 0x00, 0x32,
  0x02, 0x0d, 0x00, 0x2e, 0x00, 0xbc, 0x00, 0x17, 0x01, 0x4c, 0x00, 0x20,
  0x01, 0x43, 0x00, 0x1f, 0x01, 0x5c, 0x00, 0x18, 0x00, 0xbc, 0x00, 0x17,
  0x01, 0x43, 0x00, 0x1f, 0x00, 0xbc, 0x00, 0x17, 0x01, 0x4c, 0x00, 0x20,
  0x01, 0x43, 0x00, 0x1f, 0x00, 0xe6, 0xff, 0x84, 0x03, 0x1e, 0x00, 0x17,
  0x03, 0x2d, 0x00, 0x17, 0x03, 0x8b, 0x00, 0x1f, 0x01, 0x13, 0x00, 0x47,
  0x01, 0x08, 0x00, 0x39, 0x01, 0x5c, 0x00, 0x6c, 0x01, 0x38, 0x00, 0x56,
  0x03, 0x2f, 0x00, 0x47, 0x01, 0x48, 0x00, 0x61, 0x01, 0x48, 0x00, 0x61,
  0x01, 0xe2, 0x00, 0x24, 0x01, 0xe2, 0x00, 0x26, 0x00, 0xdb, 0x00, 0x2e,
  0x01, 0x37, 0x00, 0x23, 0x01, 0x8e, 0x00, 0x1c, 0x02, 0x9d, 0x00, 0x3f,
  0x01, 0xaa, 0x00, 0x1a, 0x01, 0xaa, 0x00, 0x42, 0x01, 0x23, 0xff, 0xfd,
  0x01, 0x23, 0x00, 0x52, 0x01, 0x49, 0x00, 0x21, 0x01, 0x49, 0x00, 0x21,
  0x01, 0x89, 0x00, 0x21, 0x01, 0x89, 0x00, 0x81, 0x01, 0x90, 0x00, 0x23,
  0x01, 0x90, 0x00, 0x23, 0x01, 0xcc, 0x00, 0x23, 0x02, 0xa4, 0x00, 0x23,
  0x01, 0xf2, 0x00, 0x19, 0x02, 0x58, 0x00, 0x39, 0x01, 0x2d, 0x00, 0x02,
  0x01, 0x2d, 0x00, 0x02, 0x00, 0xa3, 0x00, 0x03, 0x00, 0xa3, 0x00, 0x02,
  0x02, 0x11, 0x00, 0x42, 0x02, 0x11, 0x00, 0x57, 0x01, 0x7f, 0x00, 0x57,
  0x01, 0x29, 0x00, 0x19, 0x00, 0x91, 0x00, 0x19, 0x00, 0xc8, 0x00, 0x00,
  0x02, 0x0e, 0x00, 0x37, 0x02, 0x1c, 0x00, 0x17, 0x02, 0x33, 0x00, 0x2f,
  0x02, 0x61, 0x00, 0x52, 0x02, 0xaf, 0x00, 0x57, 0x01, 0xef, 0x00, 0x23,
  0x01, 0xef, 0x00, 0x23, 0x01, 0xae, 0x00, 0x27, 0x01, 0xef, 0x00, 0x23,
  0x01, 0xef, 0x00, 0x23, 0x01, 0xef, 0x00, 0x23, 0x01, 0xef, 0x00, 0x23,
  0x01, 0xef, 0x00, 0x23, 0x01, 0xef, 0x00, 0x23, 0x02, 0x01, 0x00, 0x23,
  0x01, 0xca, 0x00, 0x25, 0x02, 0x24, 0x00, 0x46, 0x03, 0x47, 0x00, 0x52,
  0x03, 0x37, 0x00, 0x36, 0x02, 0xa3, 0x00, 0x2f, 0x02, 0x52, 0x00, 0x20,
  0x01, 0xd4, 0x00, 0x2f, 0x03, 0x52, 0x00, 0x3f, 0x01, 0xc1, 0x00, 0x19,
  0x01, 0x7b, 0x00, 0x19, 0x00, 0xb3, 0x00, 0x2a, 0x00, 0xb3, 0x00, 0x2a,
  0x00, 0x00, 0xfe, 0xca, 0x00, 0x00, 0xff, 0x7a, 0x00, 0x00, 0xff, 0x69,
  0x00, 0x00, 0xff, 0x31, 0x00, 0x00, 0xfe, 0xcd, 0x00, 0x00, 0xff, 0x24,
  0x00, 0x00, 0xfe, 0xc4, 0x00, 0xd1, 0x00, 0x1c, 0x00, 0x97, 0x00, 0x00,
  0x01, 0x68, 0x00, 0x19, 0x00, 0xd1, 0x00, 0x20, 0x01, 0x16, 0x00, 0x00,
  0x00, 0x01, 0x00, 0x00, 0x03, 0xe8, 0xff, 0x38, 0x00, 0x00, 0x04, 0x80,
  0xfd, 0xa4, 0xff, 0x76, 0x04, 0x69, 0x00, 0x01, 0x00, 0x00, 0x00, 0x00,
  0x00, 0x00, 0x00, 0x00, 0x00, 0x00, 0x00, 0x00, 0x00, 0x00, 0x00, 0xda,
  0x00, 0x04, 0x02, 0x06, 0x01, 0xf4, 0x00, 0x05, 0x00, 0x00, 0x02, 0x8a,
  0x02, 0x58, 0x00, 0x00, 0x00, 0x4b, 0x02, 0x8a, 0x02, 0x58, 0x00, 0x00,
  0x01, 0x5e, 0x00, 0x32, 0x01, 0x31, 0x00, 0x00, 0x00, 0x00, 0x06, 0x00,
  0x00, 0x00, 0x00, 0x00, 0x00, 0x00, 0x00, 0x00, 0x00, 0x03, 0x00, 0x00,
  0x00, 0x00, 0x00, 0x00, 0x00, 0x00, 0x00, 0x00, 0x00, 0x00, 0x54, 0x52,
  0x42, 0x59, 0x00, 0xc0, 0x00, 0x20, 0x22, 0x12, 0x03, 0xe8, 0xff, 0x38,
  0x00, 0x00, 0x04, 0x58, 0x00, 0xf9, 0x00, 0x00, 0x00, 0x01, 0x00, 0x00,
  0x00, 0x00, 0x01, 0xfd, 0x02, 0xbc, 0x00, 0x00, 0x00, 0x20, 0x00, 0x03,
  0x00, 0x00, 0x00, 0x02, 0x00, 0x00, 0x00, 0x03, 0x00, 0x00, 0x00, 0x14,
  0x00, 0x03, 0x00, 0x01, 0x00, 0x00, 0x00, 0x14, 0x00, 0x04, 0x01, 0xd8,
  0x00, 0x00, 0x00, 0x16, 0x00, 0x10, 0x00, 0x03, 0x00, 0x06, 0x00, 0x2f,
  0x00, 0x39, 0x00, 0x7e, 0x00, 0xff, 0x20, 0x14, 0x20, 0x1a, 0x20, 0x1d,
  0x20, 0x22, 0x20, 0x26, 0x22, 0x12, 0xff, 0xff, 0x00, 0x00, 0x00, 0x20,
  0x00, 0x30, 0x00, 0x3a, 0x00, 0xa0, 0x20, 0x13, 0x20, 0x18, 0x20, 0x1c,
  0x20, 0x22, 0x20, 0x26, 0x22, 0x12, 0xff, 0xff, 0x00, 0x00, 0x00, 0x47,
  0x00, 0x00, 0x00, 0x00, 0xe0, 0x92, 0x00, 0x00, 0xe0, 0x8d, 0xe0, 0x76,
  0xe0, 0x6c, 0xde, 0xa7, 0x00, 0x01, 0x00, 0x16, 0x00, 0x00, 0x00, 0x32,
  0x00, 0xba, 0x00, 0x00, 0x01, 0x76, 0x00, 0x00, 0x00, 0x00, 0x00, 0x00,
  0x00, 0x00, 0x00, 0x00, 0x00, 0x01, 0x00, 0x93, 0x00, 0xb0, 0x00, 0x9a,
  0x00, 0xb5, 0x00, 0xc4, 0x00, 0xc6, 0x00, 0xb1, 0x00, 0x9d, 0x00, 0x9e,
  0x00, 0x99, 0x00, 0xb8, 0x00, 0x8f, 0x00, 0xa3, 0x00, 0x8e, 0x00, 0x9b,
  0x00, 0x90, 0x00, 0x91, 0x00, 0xbe, 0x00, 0xbc, 0x00, 0xbd, 0x00, 0x95,
  0x00, 0xc5, 0x00, 0x02, 0x00, 0x0a, 0x00, 0x0b, 0x00, 0x0d, 0x00, 0x0f,
  0x00, 0x14, 0x00, 0x15, 0x00, 0x16, 0x00, 0x17, 0x00, 0x1c, 0x00, 0x1d,
  0x00, 0x1e, 0x00, 0x1f, 0x00, 0x20, 0x00, 0x22, 0x00, 0x29, 0x00, 0x2b,
  0x00, 0x2c, 0x00, 0x2d, 0x00, 0x2e, 0x00, 0x2f, 0x00, 0x34, 0x00, 0x35,
  0x00, 0x36, 0x00, 0x37, 0x00, 0x39, 0x00, 0xa1, 0x00, 0x9c, 0x00, 0xa2,
  0x00, 0xc2, 0x00, 0xa7, 0x00, 0xd8, 0x00, 0x3a, 0x00, 0x42, 0x00, 0x43,
  0x00, 0x45, 0x00, 0x47, 0x00, 0x4c, 0x00, 0x4d, 0x00, 0x4e, 0x00, 0x4f,
  0x00, 0x55, 0x00, 0x56, 0x00, 0x57, 0x00, 0x58, 0x00, 0x59, 0x00, 0x5b,
  0x00, 0x62, 0x00, 0x64, 0x00, 0x65, 0x00, 0x66, 0x00, 0x68, 0x00, 0x69,
  0x00, 0x6e, 0x00, 0x6f, 0x00, 0x70, 0x00, 0x71, 0x00, 0x74, 0x00, 0x9f,
  0x00, 0xcc, 0x00, 0xa0, 0x00, 0xc1, 0x00, 0xb2, 0x00, 0x94, 0x00, 0xb3,
  0x00, 0xb6, 0x00, 0xb4, 0x00, 0xb7, 0x00, 0xcd, 0x00, 0xc8, 0x00, 0xd7,
  0x00, 0xc9, 0x00, 0x75, 0x00, 0xad, 0x00, 0xc0, 0x00, 0xa4, 0x00, 0xca,
  0x00, 0xd9, 0x00, 0xcb, 0x00, 0xbf, 0x00, 0x88, 0x00, 0x89, 0x00, 0xd5,
  0x00, 0xc3, 0x00, 0xc7, 0x00, 0x97, 0x00, 0xd6, 0x00, 0x87, 0x00, 0x76,
  0x00, 0xae, 0x00, 0x8c, 0x00, 0x8b, 0x00, 0x8d, 0x00, 0x96, 0x00, 0x06,
  0x00, 0x03, 0x00, 0x04, 0x00, 0x08, 0x00, 0x05, 0x00, 0x07, 0x00, 0x09,
  0x00, 0x0c, 0x00, 0x13, 0x00, 0x10, 0x00, 0x11, 0x00, 0x12, 0x00, 0x1b,
  0x00, 0x18, 0x00, 0x19, 0x00, 0x1a, 0x00, 0x0e, 0x00, 0x21, 0x00, 0x26,
  0x00, 0x23, 0x00, 0x24, 0x00, 0x28, 0x00, 0x25, 0x00, 0xba, 0x00, 0x27,
  0x00, 0x33, 0x00, 0x30, 0x00, 0x31, 0x00, 0x32, 0x00, 0x38, 0x00, 0x2a,
  0x00, 0x67, 0x00, 0x3e, 0x00, 0x3b, 0x00, 0x3c, 0x00, 0x40, 0x00, 0x3d,
  0x00, 0x3f, 0x00, 0x41, 0x00, 0x44, 0x00, 0x4b, 0x00, 0x48, 0x00, 0x49,
  0x00, 0x4a, 0x00, 0x54, 0x00, 0x51, 0x00, 0x52, 0x00, 0x53, 0x00, 0x46,
  0x00, 0x5a, 0x00, 0x5f, 0x00, 0x5c, 0x00, 0x5d, 0x00, 0x61, 0x00, 0x5e,
  0x00, 0xbb, 0x00, 0x60, 0x00, 0x6d, 0x00, 0x6a, 0x00, 0x6b, 0x00, 0x6c,
  0x00, 0x72, 0x00, 0x63, 0x00, 0x73, 0x00, 0xab, 0x00, 0xac, 0x00, 0xa8,
  0x00, 0x00, 0x00, 0x07, 0x00, 0x5a, 0x00, 0x03, 0x00, 0x01, 0x04, 0x09,
  0x00, 0x00, 0x00, 0x92, 0x00, 0x00, 0x00, 0x03, 0x00, 0x01, 0x04, 0x09,
  0x00, 0x01, 0x00, 0x1a, 0x00, 0x92, 0x00, 0x03, 0x00, 0x01, 0x04, 0x09,
  0x00, 0x02, 0x00, 0x0e, 0x00, 0xac, 0x00, 0x03, 0x00, 0x01, 0x04, 0x09,
  0x00, 0x03, 0x00, 0x30, 0x00, 0xba, 0x00, 0x03, 0x00, 0x01, 0x04, 0x09,
  0x00, 0x04, 0x00, 0x1a, 0x00, 0x92, 0x00, 0x03, 0x00, 0x01, 0x04, 0x09,
  0x00, 0x05, 0x00, 0x1a, 0x00, 0xea, 0x00, 0x03, 0x00, 0x01, 0x04, 0x09,
  0x00, 0x06, 0x00, 0x1a, 0x01, 0x04, 0x00, 0x43, 0x00, 0x6f, 0x00, 0x70,
  0x00, 0x79, 0x00, 0x72, 0x00, 0x69, 0x00, 0x67, 0x00, 0x68, 0x00, 0x74,
  0x00, 0x20, 0x00, 0x32, 0x00, 0x30, 0x00, 0x31, 0x00, 0x37, 0x00, 0x20,
  0x00, 0x54, 0x00, 0x68, 0x00, 0x65, 0x00, 0x20, 0x00, 0x42, 0x00, 0x61,
  0x00, 0x72, 0x00, 0x6c, 0x00, 0x6f, 0x00, 0x77, 0x00, 0x20, 0x00, 0x50,
  0x00, 0x72, 0x00, 0x6f, 0x00, 0x6a, 0x00, 0x65, 0x00, 0x63, 0x00, 0x74,
  0x00, 0x20, 0x00, 0x41, 0x00, 0x75, 0x00, 0x74, 0x00, 0x68, 0x00, 0x6f,
  0x00, 0x72, 0x00, 0x73, 0x00, 0x20, 0x00, 0x28, 0x00, 0x68, 0x00, 0x74,
  0x00, 0x74, 0x00, 0x70, 0x00, 0x73, 0x00, 0x3a, 0x00, 0x2f, 0x00, 0x2f,
  0x00, 0x67, 0x00, 0x69, 0x00, 0x74, 0x00, 0x68, 0x00, 0x75, 0x00, 0x62,
  0x00, 0x2e, 0x00, 0x63, 0x00, 0x6f, 0x00, 0x6d, 0x00, 0x2f, 0x00, 0x6a,
  0x00, 0x70, 0x00, 0x74, 0x00, 0x2f, 0x00, 0x62, 0x00, 0x61, 0x00, 0x72,
  0x00, 0x6c, 0x00, 0x6f, 0x00, 0x77, 0x00, 0x29, 0x00, 0x42, 0x00, 0x61,
  0x00, 0x72, 0x00, 0x6c, 0x00, 0x6f, 0x00, 0x77, 0x00, 0x20, 0x00, 0x4d,
  0x00, 0x65, 0x00, 0x64, 0x00, 0x69, 0x00, 0x75, 0x00, 0x6d, 0x00, 0x52,
  0x00, 0x65, 0x00, 0x67, 0x00, 0x75, 0x00, 0x6c, 0x00, 0x61, 0x00, 0x72,
  0x00, 0x31, 0x00, 0x2e, 0x00, 0x34, 0x00, 0x30, 0x00, 0x38, 0x00, 0x3b,
  0x00, 0x54, 0x00, 0x52, 0x00, 0x42, 0x00, 0x59, 0x00, 0x3b, 0x00, 0x42,
  0x00, 0x61, 0x00, 0x72, 0x00, 0x6c, 0x00, 0x6f, 0x00, 0x77, 0x00, 0x2d,
  0x00, 0x4d, 0x00, 0x65, 0x00, 0x64, 0x00, 0x69, 0x00, 0x75, 0x00, 0x6d,
  0x00, 0x56, 0x00, 0x65, 0x00, 0x72, 0x00, 0x73, 0x00, 0x69, 0x00, 0x6f,
  0x00, 0x6e, 0x00, 0x20, 0x00, 0x31, 0x00, 0x2e, 0x00, 0x34, 0x00, 0x30,
  0x00, 0x38, 0x00, 0x42, 0x00, 0x61, 0x00, 0x72, 0x00, 0x6c, 0x00, 0x6f,
  0x00, 0x77, 0x00, 0x2d, 0x00, 0x4d, 0x00, 0x65, 0x00, 0x64, 0x00, 0x69,
  0x00, 0x75, 0x00, 0x6d, 0x00, 0x03, 0x00, 0x00, 0x00, 0x00, 0x00, 0x00,
  0xff, 0xb5, 0x00, 0x32, 0x00, 0x00, 0x00, 0x00, 0x00, 0x00, 0x00, 0x00,
  0x00, 0x00, 0x00, 0x00, 0x00, 0x00, 0x00, 0x00, 0x00, 0x00, 0x00, 0x00,
  0x00, 0x01, 0x00, 0x01, 0xff, 0xff, 0x00, 0x0f, 0x00, 0x01, 0x00, 0x00,
  0x00, 0x0c, 0x00, 0x00, 0x00, 0x00, 0x00, 0x00, 0x00, 0x02, 0x00, 0x14,
  0x00, 0x02, 0x00, 0x08, 0x00, 0x01, 0x00, 0x0b, 0x00, 0x13, 0x00, 0x01,
  0x00, 0x15, 0x00, 0x1e, 0x00, 0x01, 0x00, 0x20, 0x00, 0x28, 0x00, 0x01,
  0x00, 0x2c, 0x00, 0x33, 0x00, 0x01, 0x00, 0x35, 0x00, 0x35, 0x00, 0x01,
  0x00, 0x37, 0x00, 0x40, 0x00, 0x01, 0x00, 0x43, 0x00, 0x44, 0x00, 0x01,
  0x00, 0x47, 0x00, 0x4b, 0x00, 0x01, 0x00, 0x4d, 0x00, 0x4f, 0x00, 0x01,
  0x00, 0x51, 0x00, 0x57, 0x00, 0x01, 0x00, 0x59, 0x00, 0x61, 0x00, 0x01,
  0x00, 0x65, 0x00, 0x66, 0x00, 0x01, 0x00, 0x68, 0x00, 0x6d, 0x00, 0x01,
  0x00, 0x6f, 0x00, 0x6f, 0x00, 0x01, 0x00, 0x71, 0x00, 0x74, 0x00, 0x01,
  0x00, 0xb3, 0x00, 0xb3, 0x00, 0x01, 0x00, 0xb5, 0x00, 0xb5, 0x00, 0x01,
  0x00, 0xb7, 0x00, 0xb7, 0x00, 0x01, 0x00, 0xc3, 0x00, 0xc3, 0x00, 0x01,
  0x00, 0x01, 0x00, 0x00, 0x00, 0x0a, 0x00, 0x24, 0x00, 0x34, 0x00, 0x02,
  0x44, 0x46, 0x4c, 0x54, 0x00, 0x0e, 0x6c, 0x61, 0x74, 0x6e, 0x00, 0x0e,
  0x00, 0x04, 0x00, 0x00, 0x00, 0x00, 0xff, 0xff, 0x00, 0x01, 0x00, 0x00,
  0x00, 0x01, 0x6b, 0x65, 0x72, 0x6e, 0x00, 0x08, 0x00, 0x00, 0x00, 0x02,
  0x00, 0x00, 0x00, 0x01, 0x00, 0x02, 0x00, 0x06, 0x01, 0x32, 0x00, 0x02,
  0x00, 0x08, 0x00, 0x04, 0x00, 0x0e, 0x00, 0x84, 0x00, 0xc6, 0x01, 0x02,
  0x00, 0x01, 0x00, 0x20, 0x00, 0x04, 0x00, 0x00, 0x00, 0x0b, 0x00, 0x60,
  0x00, 0x30, 0x00, 0x36, 0x00, 0x40, 0x00, 0x46, 0x00, 0x60, 0x00, 0x50,
  0x00, 0x56, 0x00, 0x60, 0x00, 0x66, 0x00, 0x6c, 0x00, 0x02, 0x00, 0x02,
  0x00, 0x77, 0x00, 0x80, 0x00, 0x00, 0x00, 0x95, 0x00, 0x95, 0x00, 0x0a,
  0x00, 0x01, 0x00, 0x78, 0x00, 0x04, 0x00, 0x02, 0x00, 0x78, 0xff, 0xf5,
  0x00, 0x7a, 0xff, 0xf7, 0x00, 0x01, 0x00, 0x78, 0xff, 0xfa, 0x00, 0x02,
  0x00, 0x78, 0xff, 0xa2, 0x00, 0x7e, 0xff, 0xd3, 0x00, 0x01, 0x00, 0x78,
  0xff, 0xf2, 0x00, 0x02, 0x00, 0x78, 0x00, 0x04, 0x00, 0x9b, 0xff, 0xb6,
  0x00, 0x01, 0x00, 0x78, 0xff, 0xea, 0x00, 0x01, 0x00, 0x78, 0xff, 0xec,
  0x00, 0x02, 0x00, 0xaa, 0x00, 0x0d, 0x00, 0xac, 0x00, 0x0d, 0x00, 0x02,
  0x00, 0x1c, 0x00, 0x04, 0x00, 0x00, 0x00, 0x28, 0x00, 0x32, 0x00, 0x02,
  0x00, 0x03, 0x00, 0x00, 0xff, 0xe1, 0x00, 0x00, 0x00, 0x00, 0x00, 0x00,
  0xff, 0xf3, 0x00, 0x01, 0x00, 0x04, 0x00, 0x8e, 0x00, 0x8f, 0x00, 0xb0,
  0x00, 0xb1, 0x00, 0x01, 0x00, 0xb0, 0x00, 0x02, 0x00, 0x01, 0x00, 0x01,
  0x00, 0x01, 0x00, 0x77, 0x00, 0x05, 0x00, 0x01, 0x00, 0x00, 0x00, 0x00,
  0x00, 0x00, 0x00, 0x02, 0x00, 0x02, 0x00, 0x1c, 0x00, 0x04, 0x00, 0x00,
  0x00, 0x24, 0x00, 0x2c, 0x00, 0x02, 0x00, 0x03, 0x00, 0x00, 0xff, 0xea,
  0x00, 0x00, 0x00, 0x00, 0x00, 0x00, 0xff, 0xcc, 0x00, 0x01, 0x00, 0x02,
  0x00, 0x7b, 0x00, 0x7e, 0x00, 0x01, 0x00, 0x7e, 0x00, 0x01, 0x00, 0x01,
  0x00, 0x02, 0x00, 0x02, 0x00, 0x8e, 0x00, 0x8f, 0x00, 0x02, 0x00, 0xb0,
  0x00, 0xb1, 0x00, 0x01, 0x00, 0x02, 0x00, 0x10, 0x00, 0x00, 0x00, 0x00,
  0x00, 0x16, 0x00, 0x1a, 0x00, 0x01, 0x00, 0x03, 0x00, 0x01, 0x00, 0x01,
  0x00, 0xb8, 0x00, 0x02, 0x00, 0x00, 0x00, 0x02, 0x00, 0x02, 0x00, 0x79,
  0x00, 0x79, 0x00, 0x02, 0x00, 0xb8, 0x00, 0xb8, 0x00, 0x01, 0x00, 0x02,
  0x00, 0x08, 0x00, 0x04, 0x00, 0x0e, 0x02, 0xbe, 0x08, 0x88, 0x0c, 0x56,
  0x00, 0x01, 0x00, 0x36, 0x00, 0x04, 0x00, 0x00, 0x00, 0x16, 0x00, 0x66,
  0x00, 0x66, 0x00, 0x66, 0x00, 0x66, 0x00, 0x66, 0x00, 0x66, 0x00, 0x66,
  0x02, 0x2a, 0x02, 0x2a, 0x02, 0x2a, 0x00, 0x6c, 0x00, 0xba, 0x00, 0x72,
  0x02, 0x2a, 0x00, 0x78, 0x00, 0xba, 0x00, 0xc0, 0x00, 0xc6, 0x02, 0x18,
  0x02, 0x2a, 0x02, 0x30, 0x02, 0xaa, 0x00, 0x01, 0x00, 0x16, 0x00, 0x02,
  0x00, 0x03, 0x00, 0x04, 0x00, 0x05, 0x00, 0x06, 0x00, 0x07, 0x00, 0x08,
  0x00, 0x0a, 0x00, 0x0d, 0x00, 0x0e, 0x00, 0x17, 0x00, 0x1d, 0x00, 0x29,
  0x00, 0x2a, 0x00, 0x2b, 0x00, 0x2c, 0x00, 0x2d, 0x00, 0x37, 0x00, 0x4c,
  0x00, 0x67, 0x00, 0x70, 0x00, 0x96, 0x00, 0x01, 0x00, 0x2f, 0xff, 0xf7,
  0x00, 0x01, 0x00, 0x16, 0xff, 0xfa, 0x00, 0x01, 0x00, 0x36, 0xff, 0xea,
  0x00, 0x10, 0x00, 0x02, 0xff, 0xef, 0x00, 0x03, 0xff, 0xef, 0x00, 0x04,
  0xff, 0xef, 0x00, 0x05, 0xff, 0xef, 0x00, 0x06, 0xff, 0xef, 0x00, 0x07,
  0xff, 0xef, 0x00, 0x08, 0xff, 0xef, 0x00, 0x09, 0xff, 0xef, 0x00, 0x2e,
  0xff, 0xf7, 0x00, 0x34, 0xff, 0xea, 0x00, 0x35, 0xff, 0xea, 0x00, 0x36,
  0xff, 0xea, 0x00, 0x37, 0xff, 0xd5, 0x00, 0x38, 0xff, 0xd5, 0x00, 0x8e,
  0xff, 0xfa, 0x00, 0x8f, 0xff, 0xfa, 0x00, 0x01, 0x00, 0x36, 0x00, 0x0b,
  0x00, 0x01, 0x00, 0x36, 0xff, 0xe4, 0x00, 0x54, 0x00, 0x02, 0xff, 0xa0,
  0x00, 0x03, 0xff, 0xa0, 0x00, 0x04, 0xff, 0xa0, 0x00, 0x05, 0xff, 0xa0,
  0x00, 0x06, 0xff, 0xa0, 0x00, 0x07, 0xff, 0xa0, 0x00, 0x08, 0xff, 0xa0,
  0x00, 0x09, 0xff, 0xa0, 0x00, 0x0a, 0xff, 0xf5, 0x00, 0x0b, 0xff, 0xe3,
  0x00, 0x0c, 0xff, 0xe3, 0x00, 0x0d, 0xff, 0xf5, 0x00, 0x0f, 0xff, 0xf5,
  0x00, 0x10, 0xff, 0xf5, 0x00, 0x11, 0xff, 0xf5, 0x00, 0x12, 0xff, 0xf5,
  0x00, 0x13, 0xff, 0xf5, 0x00, 0x14, 0xff, 0xf5, 0x00, 0x15, 0xff, 0xe3,
  0x00, 0x1c, 0xff, 0xd6, 0x00, 0x20, 0xff, 0xf5, 0x00, 0x21, 0xff, 0xf5,
  0x00, 0x22, 0xff, 0xe3, 0x00, 0x23, 0xff, 0xe3, 0x00, 0x24, 0xff, 0xe3,
  0x00, 0x25, 0xff, 0xe3, 0x00, 0x26, 0xff, 0xe3, 0x00, 0x28, 0xff, 0xe3,
  0x00, 0x29, 0xff, 0xf5, 0x00, 0x2b, 0xff, 0xe3, 0x00, 0x2d, 0xff, 0xee,
  0x00, 0x3a, 0xff, 0xcc, 0x00, 0x3b, 0xff, 0xcc, 0x00, 0x3c, 0xff, 0xcc,
  0x00, 0x3d, 0xff, 0xcc, 0x00, 0x3e, 0xff, 0xcc, 0x00, 0x3f, 0xff, 0xcc,
  0x00, 0x40, 0xff, 0xcc, 0x00, 0x41, 0xff, 0xcc, 0x00, 0x43, 0xff, 0xbc,
  0x00, 0x44, 0xff, 0xbc, 0x00, 0x45, 0xff, 0xbc, 0x00, 0x46, 0xff, 0xbc,
  0x00, 0x47, 0xff, 0xbc, 0x00, 0x48, 0xff, 0xbc, 0x00, 0x49, 0xff, 0xbc,
  0x00, 0x4a, 0xff, 0xbc, 0x00, 0x4b, 0xff, 0xbc, 0x00, 0x4c, 0xff, 0xdf,
  0x00, 0x4d, 0xff, 0xb3, 0x00, 0x58, 0xff, 0xcf, 0x00, 0x59, 0xff, 0xcf,
  0x00, 0x5b, 0xff, 0xbc, 0x00, 0x5c, 0xff, 0xbc, 0x00, 0x5d, 0xff, 0xbc,
  0x00, 0x5e, 0xff, 0xbc, 0x00, 0x5f, 0xff, 0xbc, 0x00, 0x60, 0xff, 0xbc,
  0x00, 0x61, 0xff, 0xbc, 0x00, 0x62, 0xff, 0xcf, 0x00, 0x63, 0xff, 0xcf,
  0x00, 0x64, 0xff, 0xb3, 0x00, 0x65, 0xff, 0xcf, 0x00, 0x66, 0xff, 0xdd,
  0x00, 0x67, 0xff, 0xf5, 0x00, 0x68, 0xff, 0xdf, 0x00, 0x69, 0xff, 0xdf,
  0x00, 0x6a, 0xff, 0xdf, 0x00, 0x6b, 0xff, 0xdf, 0x00, 0x6c, 0xff, 0xdf,
  0x00, 0x6d, 0xff, 0xdf, 0x00, 0x6e, 0xff, 0xde, 0x00, 0x6f, 0xff, 0xde,
  0x00, 0x70, 0xff, 0xdf, 0x00, 0x71, 0xff, 0xde, 0x00, 0x72, 0xff, 0xde,
  0x00, 0x73, 0xff, 0xde, 0x00, 0x74, 0xff, 0xee, 0x00, 0x8e, 0xff, 0xa7,
  0x00, 0x8f, 0xff, 0xa7, 0x00, 0x90, 0xff, 0xc7, 0x00, 0x91, 0xff, 0xc7,
  0x00, 0x9b, 0xff, 0xd8, 0x00, 0xa3, 0xff, 0xbc, 0x00, 0x04, 0x00, 0x95,
  0x00, 0x11, 0x00, 0x9b, 0xff, 0xf7, 0x00, 0xaa, 0x00, 0x16, 0x00, 0xac,
  0x00, 0x11, 0x00, 0x01, 0x00, 0x36, 0xff, 0xee, 0x00, 0x1e, 0x00, 0x3a,
  0x00, 0x00, 0x00, 0x3b, 0x00, 0x00, 0x00, 0x3c, 0x00, 0x00, 0x00, 0x3d,
  0x00, 0x00, 0x00, 0x3e, 0x00, 0x00, 0x00, 0x3f, 0x00, 0x00, 0x00, 0x40,
  0x00, 0x00, 0x00, 0x41, 0x00, 0x00, 0x00, 0x43, 0xff, 0xe6, 0x00, 0x44,
  0xff, 0xe6, 0x00, 0x45, 0xff, 0xe6, 0x00, 0x46, 0xff, 0xe6, 0x00, 0x47,
  0xff, 0xe6, 0x00, 0x48, 0xff, 0xe6, 0x00, 0x49, 0xff, 0xe6, 0x00, 0x4a,
  0xff, 0xe6, 0x00, 0x4b, 0xff, 0xe6, 0x00, 0x4d, 0xff, 0xef, 0x00, 0x5b,
  0xff, 0xe6, 0x00, 0x5c, 0xff, 0xe6, 0x00, 0x5d, 0xff, 0xe6, 0x00, 0x5e,
  0xff, 0xe6, 0x00, 0x5f, 0xff, 0xe6, 0x00, 0x60, 0xff, 0xe6, 0x00, 0x61,
  0xff, 0xe6, 0x00, 0x64, 0xff, 0xef, 0x00, 0x66, 0xff, 0xfc, 0x00, 0x90,
  0xff, 0xf3, 0x00, 0x91, 0xff, 0xf3, 0x00, 0xa3, 0xff, 0xe6, 0x00, 0x01,
  0x00, 0x2f, 0xff, 0xfc, 0x00, 0x02, 0x03, 0xea, 0x00, 0x04, 0x00, 0x00,
  0x04, 0x24, 0x04, 0xbe, 0x00, 0x11, 0x00, 0x1d, 0x00, 0x00, 0x00, 0x0c,
  0xff, 0xf1, 0xff, 0xd9, 0xff, 0xb8, 0xff, 0xda, 0xff, 0xb3, 0x00, 0x11,
  0xff, 0xeb, 0xff, 0xf2, 0xff, 0xaf, 0xff, 0xdb, 0xff, 0xcb, 0xff, 0xc3,
  0x00, 0x11, 0xff, 0xee, 0x00, 0x00, 0x00, 0x00, 0x00, 0x00, 0x00, 0x00,
  0x00, 0x00, 0x00, 0x00, 0x00, 0x00, 0x00, 0x00, 0x00, 0x00, 0x00, 0x00,
  0x00, 0x00, 0x00, 0x00, 0x00, 0x00, 0x00, 0x00, 0x00, 0x00, 0xff, 0xfe,
  0x00, 0x00, 0xff, 0xf4, 0xff, 0xe9, 0xff, 0xe7, 0x00, 0x00, 0xff, 0xf0,
  0x00, 0x00, 0x00, 0x00, 0xff, 0xfa, 0x00, 0x00, 0x00, 0x00, 0x00, 0x00,
  0xff, 0xf5, 0xff, 0xe3, 0xff, 0xfb, 0xff, 0xf5, 0xff, 0xf0, 0xff, 0xf5,
  0x00, 0x00, 0x00, 0x00, 0x00, 0x00, 0x00, 0x00, 0x00, 0x00, 0x00, 0x00,
  0x00, 0x00, 0x00, 0x00, 0x00, 0x00, 0xff, 0xd1, 0xff, 0xfd, 0x00, 0x00,
  0x00, 0x00, 0x00, 0x00, 0x00, 0x00, 0x00, 0x00, 0xff, 0xe4, 0xff, 0xd1,
  0x00, 0x00, 0xff, 0xd6, 0x00, 0x00, 0x00, 0x00, 0xff, 0xdc, 0x00, 0x00,
  0xff, 0xc4, 0xff, 0xda, 0xff, 0xb3, 0xff, 0xdb, 0xff, 0xea, 0xff, 0xf7,
  0xff, 0xee, 0xff, 0xdd, 0xff, 0xee, 0x00, 0x00, 0x00, 0x00, 0x00, 0x00,
  0x00, 0x00, 0x00, 0x00, 0x00, 0x00, 0x00, 0x00, 0x00, 0x00, 0x00, 0x00,
  0x00, 0x00, 0x00, 0x00, 0x00, 0x00, 0x00, 0x00, 0x00, 0x00, 0x00, 0x00,
  0x00, 0x00, 0x00, 0x00, 0x00, 0x00, 0x00, 0x00, 0x00, 0x00, 0x00, 0x00,
  0x00, 0x00, 0x00, 0x00, 0x00, 0x00, 0x00, 0x00, 0x00, 0x00, 0x00, 0x00,
  0x00, 0x00, 0x00, 0x00, 0xff, 0xf5, 0x00, 0x00, 0x00, 0x00, 0x00, 0x00,
  0x00, 0x00, 0xff, 0xf2, 0xff, 0xee, 0xff, 0xf3, 0x00, 0x00, 0x00, 0x00,
  0x00, 0x00, 0x00, 0x00, 0xff, 0xee, 0xff, 0xea, 0x00, 0x00, 0xff, 0xe1,
  0x00, 0x00, 0x00, 0x00, 0x00, 0x00, 0x00, 0x00, 0x00, 0x16, 0x00, 0x00,
  0x00, 0x00, 0xff, 0xf7, 0x00, 0x00, 0x00, 0x00, 0x00, 0x00, 0x00, 0x00,
  0x00, 0x00, 0x00, 0x00, 0x00, 0x00, 0x00, 0x00, 0x00, 0x00, 0x00, 0x00,
  0x00, 0x00, 0xff, 0xfb, 0x00, 0x00, 0xff, 0xa8, 0xff, 0xde, 0xff, 0xe0,
  0x00, 0x00, 0x00, 0x00, 0x00, 0x00, 0xff, 0xc2, 0xff, 0xee, 0xff, 0xdf,
  0xff, 0xdb, 0x00, 0x00, 0xff, 0xf2, 0x00, 0x21, 0x00, 0x00, 0x00, 0x00,
  0x00, 0x00, 0x00, 0x00, 0x00, 0x00, 0x00, 0x00, 0x00, 0x00, 0x00, 0x08,
  0x00, 0x00, 0x00, 0x00, 0x00, 0x00, 0x00, 0x00, 0x00, 0x00, 0x00, 0x11,
  0x00, 0x00, 0x00, 0x00, 0xff, 0xf7, 0xff, 0xf7, 0xff, 0xef, 0x00, 0x00,
  0xff, 0xf6, 0xff, 0xff, 0x00, 0x00, 0x00, 0x00, 0x00, 0x00, 0x00, 0x00,
  0x00, 0x00, 0x00, 0x00, 0xff, 0xfa, 0xff, 0xfa, 0xff, 0xfa, 0x00, 0x00,
  0x00, 0x00, 0x00, 0x00, 0x00, 0x00, 0x00, 0x00, 0x00, 0x00, 0x00, 0x00,
  0x00, 0x00, 0x00, 0x00, 0x00, 0x00, 0x00, 0x00, 0xff, 0xee, 0x00, 0x00,
  0x00, 0x00, 0x00, 0x00, 0xff, 0xf4, 0xff, 0xea, 0x00, 0x00, 0xff, 0xf3,
  0xff, 0xea, 0x00, 0x00, 0x00, 0x00, 0x00, 0x00, 0x00, 0x00, 0x00, 0x00,
  0x00, 0x00, 0xff, 0xdd, 0xff, 0xfc, 0xff, 0xe4, 0xff, 0xf4, 0x00, 0x00,
  0x00, 0x00, 0x00, 0x00, 0x00, 0x00, 0x00, 0x00, 0x00, 0x00, 0x00, 0x00,
  0x00, 0x00, 0x00, 0x00, 0x00, 0x00, 0x00, 0x00, 0x00, 0x00, 0x00, 0x00,
  0xff, 0xff, 0xff, 0xf3, 0xff, 0xee, 0x00, 0x00, 0x00, 0x00, 0xff, 0xfc,
  0x00, 0x00, 0x00, 0x00, 0x00, 0x00, 0x00, 0x00, 0x00, 0x00, 0x00, 0x00,
  0x00, 0x1d, 0x00, 0x00, 0x00, 0x00, 0x00, 0x00, 0x00, 0x00, 0x00, 0x00,
  0x00, 0x00, 0x00, 0x00, 0x00, 0x00, 0x00, 0x00, 0x00, 0x00, 0x00, 0x00,
  0x00, 0x00, 0x00, 0x00, 0x00, 0x06, 0x00, 0x00, 0x00, 0x00, 0xff, 0xef,
  0xff, 0xf3, 0xff, 0xef, 0x00, 0x00, 0x00, 0x00, 0x00, 0x00, 0x00, 0x00,
  0x00, 0x00, 0x00, 0x00, 0x00, 0x00, 0x00, 0x00, 0x00, 0x00, 0x00, 0x00,
  0xff, 0xfc, 0xff, 0xf5, 0x00, 0x00, 0x00, 0x00, 0x00, 0x00, 0x00, 0x00,
  0x00, 0x00, 0x00, 0x00, 0x00, 0x00, 0x00, 0x00, 0x00, 0x00, 0x00, 0x00,
  0x00, 0x00, 0xff, 0xe1, 0xff, 0xd7, 0xff, 0xfc, 0x00, 0x00, 0x00, 0x00,
  0x00, 0x00, 0x00, 0x00, 0xff, 0xc5, 0xff, 0xb5, 0x00, 0x00, 0xff, 0xd6,
  0x00, 0x00, 0x00, 0x00, 0x00, 0x00, 0xff, 0xfa, 0xff, 0xc5, 0xff, 0xea,
  0xff, 0xd3, 0xff, 0xcb, 0xff, 0xd4, 0x00, 0x00, 0xff, 0xca, 0xff, 0xcf,
  0x00, 0x00, 0x00, 0x00, 0xff, 0xf5, 0x00, 0x00, 0x00, 0x00, 0x00, 0x00,
  0x00, 0x00, 0xff, 0xf5, 0x00, 0x00, 0x00, 0x00, 0x00, 0x00, 0x00, 0x00,
  0x00, 0x00, 0x00, 0x00, 0x00, 0x00, 0x00, 0x00, 0x00, 0x00, 0x00, 0x00,
  0x00, 0x00, 0xff, 0xea, 0x00, 0x00, 0xff, 0xf4, 0x00, 0x00, 0xff, 0xf5,
  0x00, 0x00, 0x00, 0x00, 0x00, 0x00, 0x00, 0x00, 0x00, 0x00, 0x00, 0x00,
  0x00, 0x00, 0x00, 0x00, 0x00, 0x00, 0x00, 0x00, 0x00, 0x00, 0xff, 0xe1,
  0xff, 0xe6, 0xff, 0xf3, 0x00, 0x00, 0x00, 0x00, 0x00, 0x00, 0x00, 0x00,
  0xff, 0xd0, 0xff, 0xcb, 0x00, 0x00, 0xff, 0xf3, 0x00, 0x00, 0x00, 0x00,
  0xff, 0xd8, 0x00, 0x00, 0xff, 0xa0, 0xff, 0xcc, 0xff, 0xc4, 0xff, 0xe2,
  0xff, 0xf4, 0xff, 0xd0, 0xff, 0xf4, 0x00, 0x00, 0x00, 0x00, 0xff, 0xf5,
  0x00, 0x00, 0xff, 0xea, 0x00, 0x00, 0x00, 0x00, 0xff, 0xf7, 0xff, 0xee,
  0xff, 0xe8, 0x00, 0x00, 0x00, 0x00, 0x00, 0x00, 0x00, 0x00, 0xff, 0xe6,
  0xff, 0xe7, 0x00, 0x00, 0xff, 0xea, 0x00, 0x00, 0x00, 0x00, 0x00, 0x00,
  0x00, 0x00, 0x00, 0x00, 0xff, 0xf3, 0x00, 0x00, 0xff, 0xfc, 0x00, 0x00,
  0xff, 0xfc, 0x00, 0x00, 0x00, 0x00, 0x00, 0x00, 0xff, 0xfa, 0x00, 0x00,
  0x00, 0x00, 0x00, 0x00, 0x00, 0x00, 0x00, 0x00, 0x00, 0x00, 0x00, 0x00,
  0x00, 0x00, 0x00, 0x00, 0x00, 0x00, 0x00, 0x00, 0x00, 0x00, 0x00, 0x00,
  0xff, 0xe5, 0xff, 0xee, 0x00, 0x00, 0xff, 0xee, 0x00, 0x00, 0xff, 0xf8,
  0x00, 0x00, 0xff, 0xfb, 0xff, 0xec, 0xff, 0xf8, 0x00, 0x00, 0x00, 0x00,
  0x00, 0x00, 0xff, 0xee, 0x00, 0x00, 0x00, 0x00, 0x00, 0x00, 0x00, 0x00,
  0xff, 0xfa, 0x00, 0x00, 0x00, 0x00, 0x00, 0x00, 0x00, 0x00, 0x00, 0x00,
  0x00, 0x0b, 0x00, 0x00, 0x00, 0x00, 0x00, 0x00, 0x00, 0x00, 0x00, 0x00,
  0x00, 0x00, 0x00, 0x00, 0x00, 0x00, 0x00, 0x00, 0x00, 0x00, 0x00, 0x00,
  0x00, 0x00, 0x00, 0x00, 0x00, 0x00, 0x00, 0x00, 0x00, 0x00, 0x00, 0x00,
  0x00, 0x00, 0x00, 0x00, 0x00, 0x00, 0x00, 0x00, 0x00, 0x00, 0x00, 0x00,
  0x00, 0x00, 0x00, 0x00, 0x00, 0x00, 0x00, 0x00, 0x00, 0x00, 0x00, 0x00,
  0x00, 0x00, 0x00, 0x00, 0x00, 0x00, 0x00, 0x00, 0x00, 0x00, 0x00, 0x00,
  0x00, 0x00, 0x00, 0x00, 0x00, 0x00, 0x00, 0x00, 0x00, 0x06, 0x00, 0x00,
  0x00, 0x00, 0x00, 0x00, 0x00, 0x00, 0x00, 0x00, 0x00, 0x00, 0x00, 0x00,
  0x00, 0x00, 0x00, 0x00, 0x00, 0x00, 0x00, 0x00, 0x00, 0x00, 0x00, 0x02,
  0x00, 0x09, 0x00, 0x02, 0x00, 0x08, 0x00, 0x00, 0x00, 0x0a, 0x00, 0x0f,
  0x00, 0x07, 0x00, 0x14, 0x00, 0x16, 0x00, 0x0d, 0x00, 0x1c, 0x00, 0x1e,
  0x00, 0x10, 0x00, 0x20, 0x00, 0x26, 0x00, 0x13, 0x00, 0x28, 0x00, 0x36,
  0x00, 0x1a, 0x00, 0x41, 0x00, 0x41, 0x00, 0x29, 0x00, 0x47, 0x00, 0x4b,
  0x00, 0x2a, 0x00, 0x67, 0x00, 0x67, 0x00, 0x2f, 0x00, 0x02, 0x00, 0x19,
  0x00, 0x0a, 0x00, 0x0a, 0x00, 0x01, 0x00, 0x0b, 0x00, 0x0c, 0x00, 0x06,
  0x00, 0x0d, 0x00, 0x0e, 0x00, 0x01, 0x00, 0x0f, 0x00, 0x0f, 0x00, 0x0f,
  0x00, 0x14, 0x00, 0x14, 0x00, 0x02, 0x00, 0x15, 0x00, 0x15, 0x00, 0x06,
  0x00, 0x16, 0x00, 0x16, 0x00, 0x10, 0x00, 0x1c, 0x00, 0x1c, 0x00, 0x0b,
  0x00, 0x1d, 0x00, 0x1d, 0x00, 0x04, 0x00, 0x1e, 0x00, 0x1e, 0x00, 0x05,
  0x00, 0x20, 0x00, 0x21, 0x00, 0x03, 0x00, 0x22, 0x00, 0x26, 0x00, 0x06,
  0x00, 0x28, 0x00, 0x28, 0x00, 0x06, 0x00, 0x29, 0x00, 0x29, 0x00, 0x07,
  0x00, 0x2a, 0x00, 0x2a, 0x00, 0x01, 0x00, 0x2b, 0x00, 0x2b, 0x00, 0x06,
  0x00, 0x2c, 0x00, 0x2c, 0x00, 0x08, 0x00, 0x2d, 0x00, 0x2d, 0x00, 0x09,
  0x00, 0x2e, 0x00, 0x2e, 0x00, 0x0a, 0x00, 0x2f, 0x00, 0x33, 0x00, 0x0b,
  0x00, 0x34, 0x00, 0x35, 0x00, 0x0c, 0x00, 0x36, 0x00, 0x36, 0x00, 0x0d,
  0x00, 0x41, 0x00, 0x41, 0x00, 0x0e, 0x00, 0x47, 0x00, 0x4b, 0x00, 0x0e,
  0x00, 0x67, 0x00, 0x67, 0x00, 0x01, 0x00, 0x02, 0x00, 0x2c, 0x00, 0x02,
  0x00, 0x09, 0x00, 0x10, 0x00, 0x0a, 0x00, 0x0a, 0x00, 0x19, 0x00, 0x0b,
  0x00, 0x0c, 0x00, 0x02, 0x00, 0x0d, 0x00, 0x0d, 0x00, 0x19, 0x00, 0x0f,
  0x00, 0x14, 0x00, 0x19, 0x00, 0x15, 0x00, 0x15, 0x00, 0x02, 0x00, 0x1c,
  0x00, 0x1c, 0x00, 0x01, 0x00, 0x1d, 0x00, 0x1d, 0x00, 0x1b, 0x00, 0x20,
  0x00, 0x21, 0x00, 0x19, 0x00, 0x22, 0x00, 0x26, 0x00, 0x02, 0x00, 0x28,
  0x00, 0x28, 0x00, 0x02, 0x00, 0x29, 0x00, 0x29, 0x00, 0x19, 0x00, 0x2b,
  0x00, 0x2b, 0x00, 0x02, 0x00, 0x2d, 0x00, 0x2d, 0x00, 0x03, 0x00, 0x2e,
  0x00, 0x2e, 0x00, 0x04, 0x00, 0x34, 0x00, 0x35, 0x00, 0x05, 0x00, 0x37,
  0x00, 0x38, 0x00, 0x06, 0x00, 0x39, 0x00, 0x39, 0x00, 0x07, 0x00, 0x3a,
  0x00, 0x41, 0x00, 0x11, 0x00, 0x43, 0x00, 0x4b, 0x00, 0x09, 0x00, 0x4c,
  0x00, 0x4c, 0x00, 0x0f, 0x00, 0x4d, 0x00, 0x4d, 0x00, 0x08, 0x00, 0x4f,
  0x00, 0x4f, 0x00, 0x1a, 0x00, 0x58, 0x00, 0x59, 0x00, 0x16, 0x00, 0x5b,
  0x00, 0x61, 0x00, 0x09, 0x00, 0x62, 0x00, 0x63, 0x00, 0x16, 0x00, 0x64,
  0x00, 0x64, 0x00, 0x08, 0x00, 0x65, 0x00, 0x65, 0x00, 0x16, 0x00, 0x66,
  0x00, 0x66, 0x00, 0x13, 0x00, 0x67, 0x00, 0x67, 0x00, 0x19, 0x00, 0x68,
  0x00, 0x68, 0x00, 0x0f, 0x00, 0x69, 0x00, 0x6d, 0x00, 0x14, 0x00, 0x6e,
  0x00, 0x6f, 0x00, 0x0b, 0x00, 0x70, 0x00, 0x70, 0x00, 0x17, 0x00, 0x71,
  0x00, 0x73, 0x00, 0x0b, 0x00, 0x74, 0x00, 0x74, 0x00, 0x18, 0x00, 0x8e,
  0x00, 0x8f, 0x00, 0x12, 0x00, 0x90, 0x00, 0x91, 0x00, 0x15, 0x00, 0x95,
  0x00, 0x95, 0x00, 0x1c, 0x00, 0x9b, 0x00, 0x9b, 0x00, 0x0e, 0x00, 0xa3,
  0x00, 0xa3, 0x00, 0x09, 0x00, 0xaa, 0x00, 0xaa, 0x00, 0x0c, 0x00, 0xac,
  0x00, 0xac, 0x00, 0x0d, 0x00, 0xb0, 0x00, 0xb1, 0x00, 0x0a, 0x00, 0x02,
  0x02, 0x66, 0x00, 0x04, 0x00, 0x00, 0x02, 0xa6, 0x03, 0x1c, 0x00, 0x0d,
  0x00, 0x17, 0x00, 0x00, 0xff, 0xe6, 0xff, 0xf0, 0xff, 0xea, 0xff, 0xe5,
  0xff, 0xf9, 0xff, 0xf7, 0xff, 0xf3, 0x00, 0x00, 0x00, 0x00, 0x00, 0x00,
  0x00, 0x00, 0x00, 0x00, 0x00, 0x00, 0x00, 0x00, 0x00, 0x00, 0x00, 0x00,
  0x00, 0x00, 0x00, 0x00, 0x00, 0x00, 0x00, 0x00, 0x00, 0x00, 0x00, 0x00,
  0x00, 0x00, 0xff, 0xee, 0x00, 0x00, 0x00, 0x00, 0x00, 0x00, 0x00, 0x00,
  0xff, 0xf8, 0xff, 0xf3, 0xff, 0xe6, 0xff, 0xfc, 0xff, 0xf3, 0x00, 0x04,
  0x00, 0x00, 0x00, 0x00, 0x00, 0x00, 0x00, 0x00, 0x00, 0x00, 0x00, 0x00,
  0x00, 0x00, 0x00, 0x00, 0x00, 0x00, 0x00, 0x00, 0x00, 0x00, 0x00, 0x00,
  0xff, 0xf5, 0x00, 0x00, 0x00, 0x00, 0x00, 0x00, 0x00, 0x00, 0x00, 0x00,
  0x00, 0x00, 0x00, 0x00, 0x00, 0x00, 0x00, 0x00, 0x00, 0x00, 0x00, 0x00,
  0x00, 0x05, 0xff, 0xfa, 0x00, 0x00, 0x00, 0x00, 0x00, 0x00, 0x00, 0x00,
  0x00, 0x00, 0x00, 0x00, 0x00, 0x00, 0x00, 0x00, 0x00, 0x00, 0xff, 0xdf,
  0x00, 0x00, 0x00, 0x00, 0x00, 0x00, 0x00, 0x00, 0xff, 0xf2, 0xff, 0xf7,
  0xff, 0xef, 0xff, 0xfa, 0x00, 0x00, 0x00, 0x00, 0xff, 0xff, 0x00, 0x00,
  0x00, 0x00, 0xff, 0xfc, 0x00, 0x00, 0x00, 0x00, 0x00, 0x00, 0x00, 0x00,
  0x00, 0x00, 0x00, 0x00, 0x00, 0x00, 0x00, 0x00, 0xff, 0xee, 0xff, 0xef,
  0xff, 0xd5, 0x00, 0x00, 0xff, 0xf7, 0xff, 0xe9, 0xff, 0xe7, 0xff, 0xf4,
  0x00, 0x00, 0xff, 0xef, 0x00, 0x00, 0x00, 0x00, 0x00, 0x00, 0x00, 0x00,
  0xff, 0xfc, 0xff, 0xcf, 0x00, 0x00, 0x00, 0x00, 0x00, 0x00, 0x00, 0x00,
  0x00, 0x00, 0x00, 0x00, 0x00, 0x00, 0x00, 0x1b, 0x00, 0x00, 0x00, 0x00,
  0x00, 0x00, 0x00, 0x0b, 0x00, 0x16, 0x00, 0x33, 0xff, 0xdc, 0xff, 0xf8,
  0x00, 0x00, 0x00, 0x04, 0x00, 0x00, 0x00, 0x00, 0xff, 0xfb, 0x00, 0x00,
  0x00, 0x00, 0xff, 0xf0, 0x00, 0x11, 0xff, 0xfc, 0x00, 0x00, 0x00, 0x00,
  0x00, 0x00, 0x00, 0x00, 0xff, 0xea, 0x00, 0x00, 0x00, 0x00, 0x00, 0x00,
  0xff, 0xff, 0xff, 0xe0, 0xff, 0xee, 0x00, 0x00, 0x00, 0x00, 0xff, 0xf8,
  0x00, 0x00, 0x00, 0x00, 0x00, 0x00, 0xff, 0xf4, 0x00, 0x00, 0x00, 0x00,
  0x00, 0x00, 0xff, 0xfa, 0x00, 0x00, 0x00, 0x00, 0x00, 0x00, 0x00, 0x00,
  0x00, 0x00, 0x00, 0x00, 0x00, 0x00, 0x00, 0x00, 0x00, 0x00, 0x00, 0x00,
  0x00, 0x00, 0x00, 0x00, 0x00, 0x00, 0xff, 0xf4, 0x00, 0x00, 0x00, 0x00,
  0x00, 0x00, 0x00, 0x00, 0x00, 0x00, 0x00, 0x00, 0x00, 0x00, 0xff, 0xfc,
  0x00, 0x00, 0x00, 0x00, 0x00, 0x00, 0x00, 0x00, 0x00, 0x00, 0x00, 0x00,
  0x00, 0x00, 0x00, 0x00, 0x00, 0x00, 0x00, 0x00, 0x00, 0x00, 0x00, 0x00,
  0x00, 0x32, 0xff, 0xd7, 0xff, 0xea, 0x00, 0x00, 0x00, 0x00, 0x00, 0x00,
  0x00, 0x00, 0xff, 0xe0, 0xff, 0xe2, 0x00, 0x00, 0xff, 0xe6, 0x00, 0x00,
  0xff, 0xef, 0x00, 0x01, 0x00, 0x27, 0xff, 0xf3, 0x00, 0x00, 0x00, 0x0b,
  0x00, 0x00, 0x00, 0x00, 0x00, 0x00, 0x00, 0x00, 0x00, 0x00, 0x00, 0x00,
  0xff, 0xcf, 0xff, 0xd7, 0x00, 0x00, 0x00, 0x00, 0x00, 0x00, 0x00, 0x00,
  0xff, 0xf0, 0x00, 0x00, 0x00, 0x00, 0xff, 0xdd, 0x00, 0x00, 0xff, 0xf2,
  0x00, 0x00, 0x00, 0x00, 0x00, 0x00, 0x00, 0x00, 0x00, 0x00, 0x00, 0x00,
  0x00, 0x00, 0x00, 0x00, 0x00, 0x00, 0x00, 0x00, 0x00, 0x00, 0x00, 0x00,
  0xff, 0xe3, 0x00, 0x00, 0x00, 0x00, 0x00, 0x00, 0x00, 0x00, 0xff, 0xf9,
  0x00, 0x00, 0x00, 0x00, 0xff, 0xeb, 0x00, 0x00, 0xff, 0xf3, 0x00, 0x00,
  0x00, 0x00, 0x00, 0x00, 0x00, 0x00, 0x00, 0x00, 0x00, 0x00, 0x00, 0x00,
  0x00, 0x00, 0x00, 0x00, 0x00, 0x00, 0x00, 0x00, 0x00, 0x00, 0x00, 0x00,
  0x00, 0x00, 0x00, 0x00, 0x00, 0x01, 0x00, 0x00, 0x00, 0x00, 0x00, 0x00,
  0x00, 0x00, 0x00, 0x00, 0x00, 0x00, 0x00, 0x00, 0x00, 0x00, 0x00, 0x00,
  0x00, 0x00, 0x00, 0x00, 0x00, 0x00, 0x00, 0x00, 0x00, 0x00, 0x00, 0x00,
  0x00, 0x00, 0x00, 0x00, 0x00, 0x00, 0x00, 0x00, 0x00, 0x00, 0x00, 0x00,
  0x00, 0x00, 0x00, 0x00, 0xff, 0xf8, 0x00, 0x00, 0x00, 0x00, 0x00, 0x00,
  0x00, 0x00, 0x00, 0x00, 0x00, 0x00, 0x00, 0x00, 0x00, 0x00, 0x00, 0x00,
  0x00, 0x02, 0x00, 0x0a, 0x00, 0x3a, 0x00, 0x40, 0x00, 0x00, 0x00, 0x42,
  0x00, 0x44, 0x00, 0x07, 0x00, 0x46, 0x00, 0x46, 0x00, 0x0a, 0x00, 0x4c,
  0x00, 0x4f, 0x00, 0x0b, 0x00, 0x56, 0x00, 0x59, 0x00, 0x0f, 0x00, 0x5b,
  0x00, 0x66, 0x00, 0x13, 0x00, 0x68, 0x00, 0x68, 0x00, 0x1f, 0x00, 0x6e,
  0x00, 0x6f, 0x00, 0x20, 0x00, 0x71, 0x00, 0x73, 0x00, 0x22, 0x00, 0xa3,
  0x00, 0xa3, 0x00, 0x25, 0x00, 0x02, 0x00, 0x13, 0x00, 0x3b, 0x00, 0x40,
  0x00, 0x03, 0x00, 0x42, 0x00, 0x42, 0x00, 0x03, 0x00, 0x43, 0x00, 0x44,
  0x00, 0x01, 0x00, 0x4c, 0x00, 0x4c, 0x00, 0x09, 0x00, 0x4d, 0x00, 0x4d,
  0x00, 0x02, 0x00, 0x4e, 0x00, 0x4e, 0x00, 0x03, 0x00, 0x4f, 0x00, 0x4f,
  0x00, 0x0c, 0x00, 0x56, 0x00, 0x56, 0x00, 0x0a, 0x00, 0x57, 0x00, 0x57,
  0x00, 0x0b, 0x00, 0x58, 0x00, 0x59, 0x00, 0x03, 0x00, 0x5b, 0x00, 0x61,
  0x00, 0x04, 0x00, 0x62, 0x00, 0x63, 0x00, 0x03, 0x00, 0x64, 0x00, 0x64,
  0x00, 0x02, 0x00, 0x65, 0x00, 0x65, 0x00, 0x05, 0x00, 0x66, 0x00, 0x66,
  0x00, 0x06, 0x00, 0x68, 0x00, 0x68, 0x00, 0x07, 0x00, 0x6e, 0x00, 0x6f,
  0x00, 0x08, 0x00, 0x71, 0x00, 0x73, 0x00, 0x08, 0x00, 0xa3, 0x00, 0xa3,
  0x00, 0x04, 0x00, 0x02, 0x00, 0x1d, 0x00, 0x2e, 0x00, 0x2e, 0x00, 0x03,
  0x00, 0x37, 0x00, 0x38, 0x00, 0x04, 0x00, 0x3a, 0x00, 0x41, 0x00, 0x13,
  0x00, 0x42, 0x00, 0x42, 0x00, 0x0c, 0x00, 0x43, 0x00, 0x4b, 0x00, 0x09,
  0x00, 0x4c, 0x00, 0x4c, 0x00, 0x05, 0x00, 0x4d, 0x00, 0x4d, 0x00, 0x11,
  0x00, 0x4e, 0x00, 0x4e, 0x00, 0x0c, 0x00, 0x55, 0x00, 0x55, 0x00, 0x0d,
  0x00, 0x56, 0x00, 0x56, 0x00, 0x0c, 0x00, 0x57, 0x00, 0x57, 0x00, 0x14,
  0x00, 0x5b, 0x00, 0x61, 0x00, 0x09, 0x00, 0x64, 0x00, 0x64, 0x00, 0x11,
  0x00, 0x66, 0x00, 0x66, 0x00, 0x0e, 0x00, 0x68, 0x00, 0x68, 0x00, 0x05,
  0x00, 0x6e, 0x00, 0x6f, 0x00, 0x06, 0x00, 0x70, 0x00, 0x70, 0x00, 0x0a,
  0x00, 0x71, 0x00, 0x73, 0x00, 0x06, 0x00, 0x74, 0x00, 0x74, 0x00, 0x0b,
  0x00, 0x7e, 0x00, 0x7e, 0x00, 0x10, 0x00, 0x8e, 0x00, 0x8f, 0x00, 0x08,
  0x00, 0x90, 0x00, 0x91, 0x00, 0x16, 0x00, 0x95, 0x00, 0x95, 0x00, 0x12,
  0x00, 0x9b, 0x00, 0x9b, 0x00, 0x0f, 0x00, 0xa3, 0x00, 0xa3, 0x00, 0x09,
  0x00, 0xaa, 0x00, 0xaa, 0x00, 0x02, 0x00, 0xab, 0x00, 0xab, 0x00, 0x15,
  0x00, 0xac, 0x00, 0xac, 0x00, 0x07, 0x00, 0xb0, 0x00, 0xb1, 0x00, 0x01,
  0x00, 0x02, 0x00, 0xfe, 0x00, 0x04, 0x00, 0x00, 0x01, 0x14, 0x01, 0x3c,
  0x00, 0x07, 0x00, 0x11, 0x00, 0x00, 0xff, 0xef, 0xff, 0xef, 0xff, 0xf5,
  0xff, 0xf5, 0xff, 0xd8, 0xff, 0xd3, 0xff, 0xea, 0xff, 0xd3, 0x00, 0x00,
  0x00, 0x00, 0x00, 0x00, 0x00, 0x00, 0x00, 0x00, 0x00, 0x00, 0x00, 0x00,
  0x00, 0x00, 0x00, 0x00, 0xff, 0xdc, 0xff, 0xce, 0x00, 0x00, 0x00, 0x00,
  0x00, 0x00, 0x00, 0x00, 0x00, 0x00, 0x00, 0x00, 0xff, 0xb9, 0xff, 0xef,
  0xff, 0xe6, 0xff, 0xd8, 0xff, 0xf7, 0x00, 0x00, 0x00, 0x00, 0x00, 0x00,
  0x00, 0x00, 0xff, 0xf3, 0xff, 0xf3, 0xff, 0xef, 0x00, 0x00, 0x00, 0x00,
  0xff, 0xdc, 0x00, 0x00, 0xff, 0xc2, 0x00, 0x00, 0x00, 0x00, 0x00, 0x00,
  0x00, 0x00, 0x00, 0x00, 0xff, 0xf5, 0xff, 0xee, 0x00, 0x00, 0x00, 0x00,
  0xff, 0xdf, 0xff, 0xc7, 0x00, 0x00, 0x00, 0x00, 0x00, 0x00, 0x00, 0x00,
  0x00, 0x00, 0x00, 0x00, 0xff, 0xc5, 0xff, 0xef, 0xff, 0xfc, 0x00, 0x00,
  0xff, 0xe1, 0xff, 0xef, 0x00, 0x00, 0x00, 0x00, 0x00, 0x00, 0xff, 0xb9,
  0xff, 0xc9, 0xff, 0xea, 0x00, 0x00, 0x00, 0x00, 0x00, 0x00, 0x00, 0x00,
  0x00, 0x00, 0xff, 0xc6, 0xff, 0xef, 0xff, 0xc0, 0x00, 0x00, 0xff, 0xe4,
  0xff, 0xef, 0x00, 0x00, 0x00, 0x00, 0x00, 0x00, 0xff, 0xbd, 0xff, 0xb3,
  0xff, 0xf7, 0x00, 0x00, 0xff, 0xf3, 0x00, 0x00, 0x00, 0x00, 0x00, 0x00,
  0xff, 0xc2, 0x00, 0x00, 0xff, 0xc2, 0x00, 0x00, 0xff, 0xea, 0x00, 0x00,
  0x00, 0x00, 0xff, 0xf7, 0x00, 0x00, 0xff, 0xbb, 0xff, 0xbc, 0xff, 0xf2,
  0x00, 0x00, 0xff, 0xe3, 0x00, 0x00, 0x00, 0x00, 0x00, 0x09, 0xff, 0xac,
  0xff, 0xee, 0xff, 0xe1, 0xff, 0xf5, 0xff, 0xaf, 0x00, 0x00, 0xff, 0xf3,
  0x00, 0x00, 0x00, 0x01, 0x00, 0x09, 0x00, 0x8e, 0x00, 0x8f, 0x00, 0x96,
  0x00, 0x9b, 0x00, 0xa9, 0x00, 0xab, 0x00, 0xac, 0x00, 0xb0, 0x00, 0xb1,
  0x00, 0x02, 0x00, 0x06, 0x00, 0x96, 0x00, 0x96, 0x00, 0x02, 0x00, 0x9b,
  0x00, 0x9b, 0x00, 0x06, 0x00, 0xa9, 0x00, 0xa9, 0x00, 0x03, 0x00, 0xab,
  0x00, 0xab, 0x00, 0x04, 0x00, 0xac, 0x00, 0xac, 0x00, 0x05, 0x00, 0xb0,
  0x00, 0xb1, 0x00, 0x01, 0x00, 0x02, 0x00, 0x1b, 0x00, 0x02, 0x00, 0x09,
  0x00, 0x09, 0x00, 0x0b, 0x00, 0x0c, 0x00, 0x0f, 0x00, 0x15, 0x00, 0x15,
  0x00, 0x0f, 0x00, 0x1c, 0x00, 0x1c, 0x00, 0x0c, 0x00, 0x22, 0x00, 0x26,
  0x00, 0x0f, 0x00, 0x28, 0x00, 0x28, 0x00, 0x0f, 0x00, 0x2b, 0x00, 0x2b,
  0x00, 0x0f, 0x00, 0x2d, 0x00, 0x2d, 0x00, 0x0e, 0x00, 0x2e, 0x00, 0x2e,
  0x00, 0x06, 0x00, 0x34, 0x00, 0x35, 0x00, 0x07, 0x00, 0x37, 0x00, 0x38,
  0x00, 0x08, 0x00, 0x3a, 0x00, 0x41, 0x00, 0x0d, 0x00, 0x43, 0x00, 0x4b,
  0x00, 0x02, 0x00, 0x4c, 0x00, 0x4c, 0x00, 0x03, 0x00, 0x4d, 0x00, 0x4d,
  0x00, 0x01, 0x00, 0x58, 0x00, 0x59, 0x00, 0x0a, 0x00, 0x5b, 0x00, 0x61,
  0x00, 0x02, 0x00, 0x62, 0x00, 0x63, 0x00, 0x0a, 0x00, 0x64, 0x00, 0x64,
  0x00, 0x01, 0x00, 0x65, 0x00, 0x65, 0x00, 0x0a, 0x00, 0x66, 0x00, 0x66,
  0x00, 0x0b, 0x00, 0x68, 0x00, 0x68, 0x00, 0x03, 0x00, 0x69, 0x00, 0x6d,
  0x00, 0x04, 0x00, 0x6e, 0x00, 0x6f, 0x00, 0x05, 0x00, 0x70, 0x00, 0x70,
  0x00, 0x10, 0x00, 0x71, 0x00, 0x73, 0x00, 0x05, 0x00, 0xa3, 0x00, 0xa3,
  0x00, 0x02, 0x00, 0x00, 0x00, 0x01, 0x00, 0x00, 0x00, 0x0a, 0x00, 0x26,
  0x00, 0x28, 0x00, 0x02, 0x44, 0x46, 0x4c, 0x54, 0x00, 0x0e, 0x6c, 0x61,
  0x74, 0x6e, 0x00, 0x18, 0x00, 0x04, 0x00, 0x00, 0x00, 0x00, 0xff, 0xff,
  0x00, 0x00, 0x00, 0x00, 0x00, 0x00, 0x00, 0x00, 0x00, 0x00, 0x00, 0x00
};
const size_t barlow_medium_size = sizeof barlow_medium;
